Workbook
Name intercept: [1]Sheet2!$N$10
Name slope: [1]Sheet2!$N$9

Sheet General
A1: Units
A3: ppb | B3: µg/L
A4: cps | B4: counts per second
A6: Analysis of sample run using standard-sample data files (raw data) from:
A7: 19th Nov 2019
A8: 08th Jan 2020
A9: 27th Feb 2020
A12: Note:
A13: Concentrations selected for the calibration leading to leverage or bias. High concentration STDs are the point of influence because the disproportionately affect the position of the regression line.
A16: Suggested Changes (Kathrin)
A18: 1. Standards with at least seven different concentrations (including a blank)
A20: 2. Standard concentrations cover the range of sample concentrations and are evenly spaced across the calibration range to avoid leverage/bias
A22: 3. Lowest calibration standard should be approximately equal to estimated LOQ and the remaining standards cover the full range of sample concentrations

Sheet cobalt_Co
A1: Date | B1: No_cal | C1: Std_conc (ppb) | D1: Co 59 (cps) | E1: Co_59 (BLK corrected) | F1: SUMMARY OUTPUT | H1: ANOVA
A2: 43838 | B2: 1 | C2: 0 | D2: 66 | E2: =D2-$D$2 -> 0 | F2: Regression Statistics | I2: df | J2: SS | K2: MS | L2: F | M2: Significance F | O2: Coefficients | P2: SE | Q2: SD | R2: t Stat | S2: P-value | T2: Lower 95% | U2: Upper 95% | V2: Lower 95.0% | W2: Upper 95.0% | X2: LOD (µg/L) | Y2: LOQ (µg/L)
A3: 43838 | B3: 1 | C3: 0.01 | D3: 465 | E3: =D3-$D$2 -> 399 | F3: Multiple R | G3: 0.99998419 | H3: Regression | I3: 1 | J3: 35458642 | K3: 35458642 | L3: 94887.461 | M3: 7.5446836e-08 | N3: Intercept | O3: -71.839662 | P3: 22.670617 | Q3: =P3*SQRT(G7) -> 50.693041 | R3: -3.1688446 | S3: 0.050525607 | T3: -143.98768 | U3: 0.3083601 | V3: -143.98768 | W3: 0.3083601 | X3: =3.3*Q3/O4 -> 0.0035456048 | Y3: =10*Q3/O4 -> 0.010744257
A4: 43838 | B4: 1 | C4: 0.02 | D4: 901 | E4: =D4-$D$2 -> 835 | F4: R Square | G4: 0.99996838 | H4: Residual | I4: 3 | J4: 1121.0746 | K4: 373.69154 | N4: X Variable 1 | O4: 47181.523 | P4: 220.1965 | R4: 214.27009 | S4: 2.2415687e-07 | T4: 46480.76 | U4: 47882.287 | V4: 46480.76 | W4: 47882.287
A5: 43838 | B5: 1 | C5: 0.05 | D5: 2304.3787 | E5: =D5-$D$2 -> 2238.3787 | F5: Adjusted R Square | G5: 0.99995785 | H5: Total | I5: 4 | J5: 35459763
A6: 43838 | B6: 1 | C6: 0.1 | D6: 4706.6079 | E6: =D6-$D$2 -> 4640.6079 | F6: Standard Error | G6: 19.331103
A7: 43838 | B7: 1 | C7: 0.2 | D7: 9442.5744 | E7: =D7-$D$2 -> 9376.5744 | F7: Observations | G7: 5
A8: 43838 | B8: 2 | C8: 0 | D8: 56 | E8: =D8-$D$8 -> 0 | F8: Regression Statistics | H8: Regression | I8: 1 | J8: 53693439 | K8: 53693439 | L8: 45911.67 | M8: 2.2415687e-07 | N8: Intercept | O8: -7.7761194 | P8: 12.815068 | Q8: =P8*SQRT(G13) -> 28.655363 | R8: -0.60679502 | S8: 0.58682886 | T8: -48.559385 | U8: 33.007146 | V8: -48.559385 | W8: 33.007146 | X8: =3.3*Q8/O9 -> 0.0024663088 | Y8: =10*Q8/O9 -> 0.0074736632
A9: 43838 | B9: 2 | C9: 0.01 | D9: 412 | E9: =D9-$D$8 -> 356 | F9: Multiple R | G9: 0.99996733 | H9: Residual | I9: 3 | J9: 3508.4831 | K9: 1169.4944 | N9: X Variable 1 | O9: 38341.791 | P9: 124.47094 | R9: 308.03808 | S9: 7.5446836e-08 | T9: 37945.669 | U9: 38737.913 | V9: 37945.669 | W9: 38737.913
A10: 43838 | B10: 2 | C10: 0.02 | D10: 811 | E10: =D10-$D$8 -> 755 | F10: R Square | G10: 0.99993466 | H10: Total | I10: 4 | J10: 53696947
A11: 43838 | B11: 2 | C11: 0.05 | D11: 1988 | E11: =D11-$D$8 -> 1932 | F11: Adjusted R Square | G11: 0.99991288
A12: 43838 | B12: 2 | C12: 0.1 | D12: 3893 | E12: =D12-$D$8 -> 3837 | F12: Standard Error | G12: 34.197871
A13: 43838 | B13: 2 | C13: 0.2 | D13: 7707 | E13: =D13-$D$8 -> 7651 | F13: Observations | G13: 5
A14: 43838 | B14: 3 | C14: 0 | D14: 58 | E14: =D14-$D$14 -> 0 | F14: Regression Statistics | I14: df | J14: SS | K14: MS | L14: F | M14: Significance F | O14: Coefficients | P14: SE | Q14: SD | R14: t Stat | S14: P-value | T14: Lower 95% | U14: Upper 95% | V14: Lower 95.0% | W14: Upper 95.0%
A15: 43838 | B15: 3 | C15: 0.01 | D15: 400 | E15: =D15-$D$14 -> 342 | F15: Multiple R | G15: 0.99998329 | H15: Regression | I15: 1 | J15: 32289402 | K15: 32289402 | L15: 89737.98 | M15: 8.2033056e-08 | N15: Intercept | O15: -18.305141 | P15: 12.574946 | Q15: =P15*SQRT(G19) -> 28.118435 | R15: -1.4556834 | S15: 0.24149493 | T15: -58.324232 | U15: 21.71395 | V15: -58.324232 | W15: 21.71395 | X15: =3.3*Q15/O16 -> 0.0025360846 | Y15: =10*Q15/O16 -> 0.0076851047
A16: 43838 | B16: 3 | C16: 0.02 | D16: 783 | E16: =D16-$D$14 -> 725 | F16: R Square | G16: 0.99996657 | H16: Residual | I16: 3 | J16: 1079.4561 | K16: 359.81868 | N16: X Variable 1 | O16: 36588.226 | P16: 122.13867 | R16: 299.56298 | S16: 8.2033056e-08 | T16: 36199.526 | U16: 36976.925 | V16: 36199.526 | W16: 36976.925
A17: 43838 | B17: 3 | C17: 0.05 | D17: 1880 | E17: =D17-$D$14 -> 1822 | F17: Adjusted R Square | G17: 0.99995543 | H17: Total | I17: 4 | J17: 32290481
A18: 43838 | B18: 3 | C18: 0.1 | D18: 3672 | E18: =D18-$D$14 -> 3614 | F18: Standard Error | G18: 18.968887
A19: 43838 | B19: 3 | C19: 0.2 | D19: 7367 | E19: =D19-$D$14 -> 7309 | F19: Observations | G19: 5
A20: 43789 | B20: 4 | C20: 0 | D20: 84 | E20: =D20-$D$20 -> 0 | F20: Regression Statistics | H20: Regression | I20: 1 | J20: 19014122 | K20: 19014122 | L20: 4154.1357 | M20: 8.2295009e-06 | N20: Intercept | O20: 87.623546 | P20: 44.849962 | Q20: =P20*SQRT(G25) -> 100.28756 | R20: 1.9537039 | S20: 0.14574534 | T20: -55.10905 | U20: 230.35614 | V20: -55.10905 | W20: 230.35614 | X20: =3.3*Q20/O21 -> 0.011787224 | Y20: =10*Q20/O21 -> 0.035718861
A21: 43789 | B21: 4 | C21: 0.01 | D21: 403.75571 | E21: =D21-$D$20 -> 319.75571 | F21: Multiple R | G21: 0.99963911 | H21: Residual | I21: 3 | J21: 13731.464 | K21: 4577.1548 | N21: X Variable 1 | O21: 28076.921 | P21: 435.62134 | R21: 64.452585 | S21: 8.2295009e-06 | T21: 26690.58 | U21: 29463.263 | V21: 26690.58 | W21: 29463.263
A22: 43789 | B22: 4 | C22: 0.02 | D22: 697.51705 | E22: =D22-$D$20 -> 613.51705 | F22: R Square | G22: 0.99927835 | H22: Total | I22: 4 | J22: 19027853
A23: 43789 | B23: 4 | C23: 0.05 | D23: 1633.3434 | E23: =D23-$D$20 -> 1549.3434 | F23: Adjusted R Square | G23: 0.9990378
A24: 43789 | B24: 4 | C24: 0.1 | D24: 3049.0762 | E24: =D24-$D$20 -> 2965.0762 | F24: Standard Error | G24: 67.654673
A25: 43789 | B25: 4 | C25: 0.2 | D25: 5743.6554 | E25: =D25-$D$20 -> 5659.6554 | F25: Observations | G25: 5
A26: 43888 | B26: 5 | C26: 0 | D26: 78.500216 | E26: =D26-$D$26 -> 0 | F26: Regression Statistics | I26: df | J26: SS | K26: MS | L26: F | M26: Significance F | O26: Coefficients | P26: SE | Q26: SD | R26: t Stat | S26: P-value | T26: Lower 95% | U26: Upper 95% | V26: Lower 95.0% | W26: Upper 95.0%
A27: 43888 | B27: 5 | C27: 0.01 | D27: 539.51021 | E27: =D27-$D$26 -> 461.00999 | F27: Multiple R | G27: 0.99999736 | H27: Regression | I27: 1 | J27: 56166781 | K27: 56166781 | L27: 567349.57 | M27: 5.1605013e-09 | N27: Intercept | O27: -16.524574 | P27: 6.5959702 | Q27: =P27*SQRT(G31) -> 14.749038 | R27: -2.5052531 | S27: 0.087301615 | T27: -37.515895 | U27: 4.4667464 | V27: -37.515895 | W27: 4.4667464 | X27: =3.3*Q27/O28 -> 0.0010086175 | Y27: =10*Q27/O28 -> 0.0030564167
A28: 43888 | B28: 5 | C28: 0.02 | D28: 1021.5365 | E28: =D28-$D$26 -> 943.03632 | F28: R Square | G28: 0.99999471 | H28: Residual | I28: 3 | J28: 296.99563 | K28: 98.998543 | N28: X Variable 1 | O28: 48255.977 | P28: 64.065726 | R28: 753.22611 | S28: 5.1605013e-09 | T28: 48052.092 | U28: 48459.863 | V28: 48052.092 | W28: 48459.863
A29: 43888 | B29: 5 | C29: 0.05 | D29: 2478.9651 | E29: =D29-$D$26 -> 2400.4649 | F29: Adjusted R Square | G29: 0.99999295 | H29: Total | I29: 4 | J29: 56167078
A30: 43888 | B30: 5 | C30: 0.1 | D30: 4900.8409 | E30: =D30-$D$26 -> 4822.3407 | F30: Standard Error | G30: 9.9498011
A31: 43888 | B31: 5 | C31: 0.2 | D31: 9706.2968 | E31: =D31-$D$26 -> 9627.7966 | F31: Observations | G31: 5
A32: 43888 | B32: 6 | C32: 0 | D32: 81.750235 | E32: =D32-$D$32 -> 0 | F32: Regression Statistics | I32: df | J32: SS | K32: MS | L32: F | M32: Significance F | O32: Coefficients | P32: SE | Q32: SD | R32: t Stat | S32: P-value | T32: Lower 95% | U32: Upper 95% | V32: Lower 95.0% | W32: Upper 95.0%
A33: 43888 | B33: 6 | C33: 0.01 | D33: 491.00845 | E33: =D33-$D$32 -> 409.25821 | F33: Multiple R | G33: 0.99994224 | H33: Regression | I33: 1 | J33: 41443234 | K33: 41443234 | L33: 25969.34 | M33: 5.2688904e-07 | N33: Intercept | O33: 3.3573857 | P33: 26.482601 | Q33: =P33*SQRT(G37) -> 59.216897 | R33: 0.12677703 | S33: 0.9071368 | T33: -80.922071 | U33: 87.636842 | V33: -80.922071 | W33: 87.636842 | X33: =3.3*Q33/O34 -> 0.0047143456 | Y33: =10*Q33/O34 -> 0.014285896
A34: 43888 | B34: 6 | C34: 0.02 | D34: 891.27783 | E34: =D34-$D$32 -> 809.5276 | F34: R Square | G34: 0.99988449 | H34: Residual | I34: 3 | J34: 4787.5572 | K34: 1595.8524 | N34: X Variable 1 | O34: 41451.301 | P34: 257.22176 | R34: 161.15006 | S34: 5.2688904e-07 | T34: 40632.707 | U34: 42269.896 | V34: 40632.707 | W34: 42269.896
A35: 43888 | B35: 6 | C35: 0.05 | D35: 2215.4218 | E35: =D35-$D$32 -> 2133.6716 | F35: Adjusted R Square | G35: 0.99984599 | H35: Total | I35: 4 | J35: 41448022
A36: 43888 | B36: 6 | C36: 0.1 | D36: 4201.1177 | E36: =D36-$D$32 -> 4119.3674 | F36: Standard Error | G36: 39.948121
A37: 43888 | B37: 6 | C37: 0.2 | D37: 8378.2068 | E37: =D37-$D$32 -> 8296.4566 | F37: Observations | G37: 5 | W37: MEAN | X37: =AVERAGE(X33,X27,X20,X15,X8,X3) -> 0.0043430309 | Y37: =AVERAGE(Y33,Y27,Y20,Y15,Y8,Y3) -> 0.0131607
E41: Concentration _calibration methods | K41: Concentrations relative to P.Elmer instrument data
A42: Sample ID | B42: Raw int (cps) | C42: Ga_int | E42: Calb_ no "0" intercept | F42: Calb_ "0" intercept | G42: Weighted | H42: Conc_trend | I42: Calb_ P.Elmer | J42: Conc_Uncertainty _P.Elmer | K42: Calb_ no "0" intercept | L42: Calb_ "0" intercept | M42: Weighted | N42: Conc_trend
A43: 7014562 | B43: 414.75604 | C43: 0.89450954 | E43: =((B43-$D$2+71.471)/47154)/(C43*100%)*$B$62 -> 0.49813892 | F43: =((B43-$D$2)/46641)/(C43*100%)*$B$62 -> 0.41796403 | G43: =0.00933150542012172/(C43*100%)*50 -> 0.52159899 | H43: =TREND($C$2:$C$7,$E$2:$E$7,B43)/(C43*100%)*$B$62 -> 0.57679694 | I43: 0.46499121 | J43: 0.053229486 | K43: =100-(I43/E43*100) -> 6.6543106 | L43: =(I43/F43*100)-100 -> 11.251491 | M43: =100-(I43/G43*100) -> 10.852739 | N43: =100-(I43/H43*100) -> 19.383898
A44: 5018625 | B44: 323.00366 | C44: 0.92222716 | E44: =((B44-$D$2+71.471)/47154)/(C44*100%)*$B$62 -> 0.37767256 | F44: =((B44-$D$2)/46641)/(C44*100%)*$B$62 -> 0.298747 | G44: =0.00933150542012172/(C44*100%)*50 -> 0.50592228 | H44: =TREND($C$2:$C$7,$E$2:$E$7,B44)/(C44*100%)*$B$62 -> 0.45398056 | I44: 0.33232235 | J44: 0.048616759 | K44: =100-(I44/E44*100) -> 12.007809 | L44: =(I44/F44*100)-100 -> 11.238726 | M44: =100-(I44/G44*100) -> 34.313557 | N44: =100-(I44/H44*100) -> 26.798109
A45: 5018625 | B45: 308.75335 | C45: 0.91587106 | E45: =((B45-$D$2+71.471)/47154)/(C45*100%)*$B$62 -> 0.36379521 | F45: =((B45-$D$2)/46641)/(C45*100%)*$B$62 -> 0.28414044 | G45: =0.00933150542012172/(C45*100%)*50 -> 0.50943336 | H45: =TREND($C$2:$C$7,$E$2:$E$7,B45)/(C45*100%)*$B$62 -> 0.44063499 | I45: 0.31724117 | J45: 0.11198922 | K45: =100-(I45/E45*100) -> 12.79677 | L45: =(I45/F45*100)-100 -> 11.649424 | M45: =100-(I45/G45*100) -> 37.72666 | N45: =100-(I45/H45*100) -> 28.003636
A46: 6014755 | B46: 483.00818 | C46: 0.8696988 | E46: =((B46-$D$2+71.471)/47154)/(C46*100%)*$B$62 -> 0.5955643 | F46: =((B46-$D$2)/46641)/(C46*100%)*$B$62 -> 0.51401744 | G46: =0.00933150542012172/(C46*100%)*50 -> 0.53647915 | H46: =TREND($C$2:$C$7,$E$2:$E$7,B46)/(C46*100%)*$B$62 -> 0.67645518 | I46: 0.57239779 | J46: 0.048260931 | K46: =100-(I46/E46*100) -> 3.8898416 | L46: =(I46/F46*100)-100 -> 11.357659 | M46: =100-(I46/G46*100) -> -6.6952535 | N46: =100-(I46/H46*100) -> 15.382747
A47: 6016405 | B47: 450.75715 | C47: 0.87739605 | E47: =((B47-$D$2+71.471)/47154)/(C47*100%)*$B$62 -> 0.55136332 | F47: =((B47-$D$2)/46641)/(C47*100%)*$B$62 -> 0.47010317 | G47: =0.00933150542012172/(C47*100%)*50 -> 0.53177271 | H47: =TREND($C$2:$C$7,$E$2:$E$7,B47)/(C47*100%)*$B$62 -> 0.63154975 | I47: 0.52383362 | J47: 0.10057688 | K47: =100-(I47/E47*100) -> 4.9930227 | L47: =(I47/F47*100)-100 -> 11.429503 | M47: =100-(I47/G47*100) -> 1.4929464 | N47: =100-(I47/H47*100) -> 17.055842
A48: Blank 3 | B48: 50
A49: 7017480 | B49: 684.26641 | C49: 0.89502254 | E49: =((B49-$D$2+71.471)/47154)/(C49*100%)*$B$62 -> 0.81714903 | F49: =((B49-$D$2)/46641)/(C49*100%)*$B$62 -> 0.74053199 | G49: =0.00933150542012172/(C49*100%)*50 -> 0.52130002 | H49: =TREND($C$2:$C$7,$E$2:$E$7,B49)/(C49*100%)*$B$62 -> 0.8957194 | I49: 0.8171407 | J49: 0.029545225 | K49: =100-(I49/E49*100) -> 0.0010200403 | L49: =(I49/F49*100)-100 -> 10.34509 | M49: =100-(I49/G49*100) -> -56.750559 | N49: =100-(I49/H49*100) -> 8.7726921
A50: 7017480 | B50: 672.51584 | C50: 0.88707753 | E50: =((B50-$D$2+71.471)/47154)/(C50*100%)*$B$62 -> 0.81042187 | F50: =((B50-$D$2)/46641)/(C50*100%)*$B$62 -> 0.73296413 | G50: =0.00933150542012172/(C50*100%)*50 -> 0.52596899 | H50: =TREND($C$2:$C$7,$E$2:$E$7,B50)/(C50*100%)*$B$62 -> 0.88969782 | I50: 0.81006519 | J50: 0.035355035 | K50: =100-(I50/E50*100) -> 0.044010683 | L50: =(I50/F50*100)-100 -> 10.519078 | M50: =100-(I50/G50*100) -> -54.01387 | N50: =100-(I50/H50*100) -> 8.9505246
A51: 7017979 | B51: 302.0032 | C51: 0.88540087 | E51: =((B51-$D$2+71.471)/47154)/(C51*100%)*$B$62 -> 0.36823088 | F51: =((B51-$D$2)/46641)/(C51*100%)*$B$62 -> 0.28574596 | G51: =0.00933150542012172/(C51*100%)*50 -> 0.526965 | H51: =TREND($C$2:$C$7,$E$2:$E$7,B51)/(C51*100%)*$B$62 -> 0.4477161 | I51: 0.32181881 | J51: 0.081030343 | K51: =100-(I51/E51*100) -> 12.604068 | L51: =(I51/F51*100)-100 -> 12.624097 | M51: =100-(I51/G51*100) -> 38.929757 | N51: =100-(I51/H51*100) -> 28.119894
A52: 7017979 | B52: 286.25287 | C52: 0.8830866 | E52: =((B52-$D$2+71.471)/47154)/(C52*100%)*$B$62 -> 0.35028386 | F52: =((B52-$D$2)/46641)/(C52*100%)*$B$62 -> 0.26737477 | G52: =0.00933150542012172/(C52*100%)*50 -> 0.528346 | H52: =TREND($C$2:$C$7,$E$2:$E$7,B52)/(C52*100%)*$B$62 -> 0.42997991 | I52: 0.30190129 | J52: 0.022020282 | K52: =100-(I52/E52*100) -> 13.812391 | L52: =(I52/F52*100)-100 -> 12.913154 | M52: =100-(I52/G52*100) -> 42.85917 | N52: =100-(I52/H52*100) -> 29.787118
A53: 3010112 | B53: 138.00067 | C53: 0.91833585 | E53: =((B53-$D$2+71.471)/47154)/(C53*100%)*$B$62 -> 0.1656594 | F53: =((B53-$D$2)/46641)/(C53*100%)*$B$62 -> 0.084049888 | G53: =0.00933150542012172/(C53*100%)*50 -> 0.50806605 | H53: =TREND($C$2:$C$7,$E$2:$E$7,B53)/(C53*100%)*$B$62 -> 0.24231922 | I53: 0.098513403 | J53: 0.13825337 | K53: =100-(I53/E53*100) -> 40.532559 | L53: =(I53/F53*100)-100 -> 17.20825 | M53: =100-(I53/G53*100) -> 80.610119 | N53: =100-(I53/H53*100) -> 59.345609
A54: 3010112 | B54: 135.00064 | C54: 0.90916346 | E54: =((B54-$D$2+71.471)/47154)/(C54*100%)*$B$62 -> 0.16383178 | F54: =((B54-$D$2)/46641)/(C54*100%)*$B$62 -> 0.081360447 | G54: =0.00933150542012172/(C54*100%)*50 -> 0.51319184 | H54: =TREND($C$2:$C$7,$E$2:$E$7,B54)/(C54*100%)*$B$62 -> 0.24126548 | I54: 0.096263973 | J54: 0.19964276 | K54: =100-(I54/E54*100) -> 41.242187 | L54: =(I54/F54*100)-100 -> 18.317901 | M54: =100-(I54/G54*100) -> 81.242108 | N54: =100-(I54/H54*100) -> 60.100396
A55: 3014819 | B55: 274.25264 | C55: 0.8860236 | E55: =((B55-$D$2+71.471)/47154)/(C55*100%)*$B$62 -> 0.33476137 | F55: =((B55-$D$2)/46641)/(C55*100%)*$B$62 -> 0.25196915 | G55: =0.00933150542012172/(C55*100%)*50 -> 0.52659463 | H55: =TREND($C$2:$C$7,$E$2:$E$7,B55)/(C55*100%)*$B$62 -> 0.41419516 | I55: 0.28496089 | J55: 0.083882103 | K55: =100-(I55/E55*100) -> 14.876414 | L55: =(I55/F55*100)-100 -> 13.093561 | M55: =100-(I55/G55*100) -> 45.886101 | N55: =100-(I55/H55*100) -> 31.201299
A56: 3014819 | B56: 279.50275 | C56: 0.88359367 | E56: =((B56-$D$2+71.471)/47154)/(C56*100%)*$B$62 -> 0.34198238 | F56: =((B56-$D$2)/46641)/(C56*100%)*$B$62 -> 0.25903177 | G56: =0.00933150542012172/(C56*100%)*50 -> 0.5280428 | H56: =TREND($C$2:$C$7,$E$2:$E$7,B56)/(C56*100%)*$B$62 -> 0.42163377 | I56: 0.29252936 | J56: 0.094454998 | K56: =100-(I56/E56*100) -> 14.460693 | L56: =(I56/F56*100)-100 -> 12.931846 | M56: =100-(I56/G56*100) -> 44.601203 | N56: =100-(I56/H56*100) -> 30.620036
A57: 3019179 | B57: 330.75384 | C57: 0.88510917 | E57: =((B57-$D$2+71.471)/47154)/(C57*100%)*$B$62 -> 0.40279532 | F57: =((B57-$D$2)/46641)/(C57*100%)*$B$62 -> 0.32066206 | G57: =0.00933150542012172/(C57*100%)*50 -> 0.52713867 | H57: =TREND($C$2:$C$7,$E$2:$E$7,B57)/(C57*100%)*$B$62 -> 0.48230215 | I57: 0.35981656 | J57: 0.05755671 | K57: =100-(I57/E57*100) -> 10.670124 | L57: =(I57/F57*100)-100 -> 12.21052 | M57: =100-(I57/G57*100) -> 31.741574 | N57: =100-(I57/H57*100) -> 25.396027
A58: 3019179 | B58: 321.75363 | C58: 0.88973005 | E58: =((B58-$D$2+71.471)/47154)/(C58*100%)*$B$62 -> 0.38997718 | F58: =((B58-$D$2)/46641)/(C58*100%)*$B$62 -> 0.30815251 | G58: =0.00933150542012172/(C58*100%)*50 -> 0.52440094 | H58: =TREND($C$2:$C$7,$E$2:$E$7,B58)/(C58*100%)*$B$62 -> 0.46907251 | I58: 0.34579196 | J58: 0.071542662 | K58: =100-(I58/E58*100) -> 11.330206 | L58: =(I58/F58*100)-100 -> 12.214555 | M58: =100-(I58/G58*100) -> 34.059622 | N58: =100-(I58/H58*100) -> 26.281768
A59: 5011752 | B59: 352.00434 | C59: 0.88479999 | E59: =((B59-$D$2+71.471)/47154)/(C59*100%)*$B$62 -> 0.42840294 | F59: =((B59-$D$2)/46641)/(C59*100%)*$B$62 -> 0.34652109 | G59: =0.00933150542012172/(C59*100%)*50 -> 0.52732287 | H59: =TREND($C$2:$C$7,$E$2:$E$7,B59)/(C59*100%)*$B$62 -> 0.50793416 | I59: 0.38821215 | J59: 0.04746046 | K59: =100-(I59/E59*100) -> 9.3815395 | L59: =(I59/F59*100)-100 -> 12.031321 | M59: =100-(I59/G59*100) -> 26.380559 | N59: =100-(I59/H59*100) -> 23.570379
A60: 5011752 | B60: 352.75437 | C60: 0.89302681 | E60: =((B60-$D$2+71.471)/47154)/(C60*100%)*$B$62 -> 0.42534694 | F60: =((B60-$D$2)/46641)/(C60*100%)*$B$62 -> 0.34422919 | G60: =0.00933150542012172/(C60*100%)*50 -> 0.52246502 | H60: =TREND($C$2:$C$7,$E$2:$E$7,B60)/(C60*100%)*$B$62 -> 0.50414537 | I60: 0.38465815 | J60: 0.065497143 | K60: =100-(I60/E60*100) -> 9.5660244 | L60: =(I60/F60*100)-100 -> 11.744777 | M60: =100-(I60/G60*100) -> 26.376288 | N60: =100-(I60/H60*100) -> 23.700946
A62: Dilution factor | B62: 50
A64: Below lowest STD (0.01 ppb)

Sheet nickel_Ni
A1: Date | B1: No_cal | C1: Std_conc (ppb) | D1: Ni 60 (cps) | E1: Ni_60 (BLK corrected) | F1: SUMMARY OUTPUT | H1: ANOVA
A2: 43838 | B2: 1 | C2: 0 | D2: 41 | E2: =D2-$D$2 -> 0 | F2: Regression Statistics | I2: df | J2: SS | K2: MS | L2: F | M2: Significance F | O2: Coefficients | P2: SE | Q2: SD | R2: t Stat | S2: P-value | T2: Lower 95% | U2: Upper 95% | V2: Lower 95.0% | W2: Upper 95.0% | X2: LOD (µg/L) | Y2: LOQ (µg/L)
A3: 43838 | B3: 1 | C3: 0.05 | D3: 491.73415 | E3: =D3-$D$2 -> 450.73415 | F3: Multiple R | G3: 0.99999121 | H3: Regression | I3: 1 | J3: 53479639 | K3: 53479639 | L3: 170656.18 | M3: 3.1280851e-08 | N3: Intercept | O3: -21.605678 | P3: 11.735389 | Q3: =P3*SQRT(G7) -> 26.241128 | R3: -1.8410704 | S3: 0.16286431 | T3: -58.952924 | U3: 15.741569 | V3: -58.952924 | W3: 15.741569 | X3: =3.3*Q3/O4 -> 0.0091951934 | Y3: =10*Q3/O4 -> 0.027864223
A4: 43838 | B4: 1 | C4: 0.1 | D4: 954.48535 | E4: =D4-$D$2 -> 913.48535 | F4: R Square | G4: 0.99998242 | H4: Residual | I4: 3 | J4: 940.12955 | K4: 313.37652 | N4: X Variable 1 | O4: 9417.4989 | P4: 22.796836 | R4: 413.10553 | S4: 3.1280851e-08 | T4: 9344.9492 | U4: 9490.0486 | V4: 9344.9492 | W4: 9490.0486
A5: 43838 | B5: 1 | C5: 0.25 | D5: 2394 | E5: =D5-$D$2 -> 2353 | F5: Adjusted R Square | G5: 0.99997656 | H5: Total | I5: 4 | J5: 53480579
A6: 43838 | B6: 1 | C6: 0.5 | D6: 4707 | E6: =D6-$D$2 -> 4666 | F6: Standard Error | G6: 17.702444
A7: 43838 | B7: 1 | C7: 1 | D7: 9443 | E7: =D7-$D$2 -> 9402 | F7: Observations | G7: 5
A8: 43838 | B8: 2 | C8: 0 | D8: 51 | E8: =D8-$D$8 -> 0 | F8: Regression Statistics | I8: df | J8: SS | K8: MS | L8: F | M8: Significance F | O8: Coefficients | P8: SE | Q8: SD | R8: t Stat | S8: P-value | T8: Lower 95% | U8: Upper 95% | V8: Lower 95.0% | W8: Upper 95.0%
A9: 43838 | B9: 2 | C9: 0.05 | D9: 432 | E9: =D9-$D$8 -> 381 | F9: Multiple R | G9: 0.99983167 | H9: Regression | I9: 1 | J9: 43006543 | K9: 43006543 | L9: 8908.5608 | M9: 2.6217058e-06 | N9: Intercept | O9: -37.766169 | P9: 46.060407 | Q9: =P9*SQRT(G13) -> 102.9942 | R9: -0.81992695 | S9: 0.4723359 | T9: -184.35094 | U9: 108.8186 | V9: -184.35094 | W9: 108.8186 | X9: =3.3*Q9/O10 -> 0.040245572 | Y9: =10*Q9/O10 -> 0.12195628
A10: 43838 | B10: 2 | C10: 0.1 | D10: 884 | E10: =D10-$D$8 -> 833 | F10: R Square | G10: 0.99966336 | H10: Residual | I10: 3 | J10: 14482.657 | K10: 4827.5522 | N10: X Variable 1 | O10: 8445.1741 | P10: 89.475644 | R10: 94.385172 | S10: 2.6217058e-06 | T10: 8160.4227 | U10: 8729.9256 | V10: 8160.4227 | W10: 8729.9256
A11: 43838 | B11: 2 | C11: 0.25 | D11: 2166 | E11: =D11-$D$8 -> 2115 | F11: Adjusted R Square | G11: 0.99955114 | H11: Total | I11: 4 | J11: 43021025
A12: 43838 | B12: 2 | C12: 0.5 | D12: 4133 | E12: =D12-$D$8 -> 4082 | F12: Standard Error | G12: 69.480589
A13: 43838 | B13: 2 | C13: 1 | D13: 8497 | E13: =D13-$D$8 -> 8446 | F13: Observations | G13: 5
A14: 43838 | B14: 3 | C14: 0 | D14: 47 | E14: =D14-$D$14 -> 0 | F14: Regression Statistics | I14: df | J14: SS | K14: MS | L14: F | M14: Significance F | O14: Coefficients | P14: SE | Q14: SD | R14: t Stat | S14: P-value | T14: Lower 95% | U14: Upper 95% | V14: Lower 95.0% | W14: Upper 95.0%
A15: 43838 | B15: 3 | C15: 0.05 | D15: 424 | E15: =D15-$D$14 -> 377 | F15: Multiple R | G15: 0.99999622 | H15: Regression | I15: 1 | J15: 38980010 | K15: 38980010 | L15: 396686.75 | M15: 8.8266368e-09 | N15: Intercept | O15: -13.844113 | P15: 6.571453 | Q15: =P15*SQRT(G19) -> 14.694216 | R15: -2.106705 | S15: 0.12576037 | T15: -34.757409 | U15: 7.0691836 | V15: -34.757409 | W15: 7.0691836 | X15: =3.3*Q15/O16 -> 0.0060311208 | Y15: =10*Q15/O16 -> 0.018276124
A16: 43838 | B16: 3 | C16: 0.1 | D16: 837 | E16: =D16-$D$14 -> 790 | F16: R Square | G16: 0.99999244 | H16: Residual | I16: 3 | J16: 294.79187 | K16: 98.263958 | N16: X Variable 1 | O16: 8040.1161 | P16: 12.765519 | R16: 629.83073 | S16: 8.8266368e-09 | T16: 7999.4905 | U16: 8080.7417 | V16: 7999.4905 | W16: 8080.7417
A17: 43838 | B17: 3 | C17: 0.25 | D17: 2053 | E17: =D17-$D$14 -> 2006 | F17: Adjusted R Square | G17: 0.99998992 | H17: Total | I17: 4 | J17: 38980305
A18: 43838 | B18: 3 | C18: 0.5 | D18: 4060 | E18: =D18-$D$14 -> 4013 | F18: Standard Error | G18: 9.9128179
A19: 43838 | B19: 3 | C19: 1 | D19: 8068 | E19: =D19-$D$14 -> 8021 | F19: Observations | G19: 5
A20: 43789 | B20: 1 | C20: 0 | D20: 43.7 | E20: =D20-$D$20 -> 0 | F20: Regression Statistics | I20: df | J20: SS | K20: MS | L20: F | M20: Significance F | O20: Coefficients | P20: SE | Q20: SD | R20: t Stat | S20: P-value | T20: Lower 95% | U20: Upper 95% | V20: Lower 95.0% | W20: Upper 95.0%
A21: 43789 | B21: 1 | C21: 0.05 | D21: 379.8 | E21: =D21-$D$20 -> 336.1 | F21: Multiple R | G21: 0.99967873 | H21: Regression | I21: 1 | J21: 24359586 | K21: 24359586 | L21: 4666.7899 | M21: 6.9120753e-06 | N21: Intercept | O21: 70.522222 | P21: 47.894993 | Q21: =P21*SQRT(G25) -> 107.09646 | R21: 1.4724341 | S21: 0.23730585 | T21: -81.90102 | U21: 222.94546 | V21: -81.90102 | W21: 222.94546 | X21: =3.3*Q21/O22 -> 0.055604861 | Y21: =10*Q21/O22 -> 0.16849958
A22: 43789 | B22: 1 | C22: 0.1 | D22: 709.6 | E22: =D22-$D$20 -> 665.9 | F22: R Square | G22: 0.99935757 | H22: Residual | I22: 3 | J22: 15659.321 | K22: 5219.7735 | N22: X Variable 1 | O22: 6355.8889 | P22: 93.039458 | R22: 68.313907 | S22: 6.9120753e-06 | T22: 6059.7958 | U22: 6651.982 | V22: 6059.7958 | W22: 6651.982
A23: 43789 | B23: 1 | C23: 0.25 | D23: 1772.9 | E23: =D23-$D$20 -> 1729.2 | F23: Adjusted R Square | G23: 0.99914343 | H23: Total | I23: 4 | J23: 24375245
A24: 43789 | B24: 1 | C24: 0.5 | D24: 3359.2 | E24: =D24-$D$20 -> 3315.5 | F24: Standard Error | G24: 72.248
A25: 43789 | B25: 1 | C25: 1 | D25: 6425.8 | E25: =D25-$D$20 -> 6382.1 | F25: Observations | G25: 5
A26: 43888 | B26: 1 | C26: 0 | D26: 24.436686 | E26: =D26-$D$26 -> 0 | F26: Regression Statistics | I26: df | J26: SS | K26: MS | L26: F | M26: Significance F | O26: Coefficients | P26: SE | Q26: SD | R26: t Stat | S26: P-value | T26: Lower 95% | U26: Upper 95% | V26: Lower 95.0% | W26: Upper 95.0%
A27: 43888 | B27: 1 | C27: 0.05 | D27: 563.46157 | E27: =D27-$D$26 -> 539.02489 | F27: Multiple R | G27: 0.99989314 | H27: Regression | I27: 1 | J27: 69504136 | K27: 69504136 | L27: 14035.228 | M27: 1.3259592e-06 | N27: Intercept | O27: -33.899359 | P27: 46.650883 | Q27: =P27*SQRT(G31) -> 104.31455 | R27: -0.7266606 | S27: 0.52000074 | T27: -182.36329 | U27: 114.56457 | V27: -182.36329 | W27: 114.56457 | X27: =3.3*Q27/O28 -> 0.03206359 | Y27: =10*Q27/O28 -> 0.097162394
A28: 43888 | B28: 1 | C28: 0.1 | D28: 1109.489 | E28: =D28-$D$26 -> 1085.0524 | F28: R Square | G28: 0.9997863 | H28: Residual | I28: 3 | J28: 14856.361 | K28: 4952.1203 | N28: X Variable 1 | O28: 10736.103 | P28: 90.622687 | R28: 118.47037 | S28: 1.3259592e-06 | T28: 10447.701 | U28: 11024.505 | V28: 10447.701 | W28: 11024.505
A29: 43888 | B29: 1 | C29: 0.25 | D29: 2631.8365 | E29: =D29-$D$26 -> 2607.3998 | F29: Adjusted R Square | G29: 0.99971506 | H29: Total | I29: 4 | J29: 69518992
A30: 43888 | B30: 1 | C30: 0.5 | D30: 5272.4378 | E30: =D30-$D$26 -> 5248.0011 | F30: Standard Error | G30: 70.371303
A31: 43888 | B31: 1 | C31: 1 | D31: 10774.057 | E31: =D31-$D$26 -> 10749.621 | F31: Observations | G31: 5
A32: 43888 | B32: 2 | C32: 0 | D32: 33.967095 | E32: =D32-$D$32 -> 0 | F32: Regression Statistics | I32: df | J32: SS | K32: MS | L32: F | M32: Significance F | O32: Coefficients | P32: SE | Q32: SD | R32: t Stat | S32: P-value | T32: Lower 95% | U32: Upper 95% | V32: Lower 95.0% | W32: Upper 95.0%
A33: 43888 | B33: 2 | C33: 0.05 | D33: 514.94507 | E33: =D33-$D$32 -> 480.97797 | F33: Multiple R | G33: 0.99998082 | H33: Regression | I33: 1 | J33: 49949242 | K33: 49949242 | L33: 78185.011 | M33: 1.0087081e-07 | N33: Intercept | O33: 31.761108 | P33: 16.75587 | Q33: =P33*SQRT(G37) -> 37.467264 | R33: 1.8955213 | S33: 0.15431147 | T33: -21.563549 | U33: 85.085764 | V33: -21.563549 | W33: 85.085764 | X33: =3.3*Q33/O34 -> 0.013585015 | Y33: =10*Q33/O34 -> 0.041166713
A34: 43888 | B34: 2 | C34: 0.1 | D34: 954.22459 | E34: =D34-$D$32 -> 920.25749 | F34: R Square | G34: 0.99996163 | H34: Residual | I34: 3 | J34: 1916.5787 | K34: 638.85956 | N34: X Variable 1 | O34: 9101.3495 | P34: 32.549479 | R34: 279.61583 | S34: 1.0087081e-07 | T34: 8997.7626 | U34: 9204.9365 | V34: 8997.7626 | W34: 9204.9365
A35: 43888 | B35: 2 | C35: 0.25 | D35: 2378.0537 | E35: =D35-$D$32 -> 2344.0866 | F35: Adjusted R Square | G35: 0.99994884 | H35: Total | I35: 4 | J35: 49951158
A36: 43888 | B36: 2 | C36: 0.5 | D36: 4610.9865 | E36: =D36-$D$32 -> 4577.0194 | F36: Standard Error | G36: 25.275671
A37: 43888 | B37: 2 | C37: 1 | D37: 9162.9954 | E37: =D37-$D$32 -> 9129.0283 | F37: Observations | G37: 5 | W37: MEAN | X37: =AVERAGE(X33,X27,X21,X15,X9,X3) -> 0.026120892 | Y37: =AVERAGE(Y33,Y27,Y21,Y15,Y9,Y3) -> 0.079154218
E40: Concentration _calibration methods | K40: Concentrations relative to P.Elmer instrument data
A41: Sample ID | B41: Raw intensity | C41: Ga_int | E41: Calb_ no "0" intercept | F41: Calb_ "0" intercept | G41: Weighted | H41: Conc_trend | I41: Calb_ P.Elmer | J41: Conc_Uncertainty _P.Elmer | K41: Calb_ no "0" intercept | L41: Calb_ "0" intercept | M41: Weighted | N41: Conc_trend
A42: 7014562 | B42: 231.8513 | C42: 0.89450954 | E42: =((B42-$D$2+15.009)/9408)/(C42*100%) -> 0.024461907 | F42: =((B42-$D$2)/9386.5)/(C42*100%)*$B$114 -> 1.1365184 | H42: =TREND($C$2:$C$7,$E$2:$E$7,B42)/(C42*100%)*$B$114 -> 1.4670093 | I42: 1.1714882 | K42: =100-(I42/E42*100) -> -4689.0307 | L42: =(I42/F42*100)-100 -> 3.0769294 | M42: =(J42/G42*100)-100 -> #DIV/0! | N42: =(I42/H42*100)-100 -> -20.144457
A43: 5018625 | B43: 222.30412 | C43: 0.92222716 | E43: =((B43-$D$2+15.009)/9408)/(C43*100%)*$B$114 -> 1.1313165 | F43: =((B43-$D$2)/9386.5)/(C43*100%)*$B$114 -> 1.0472155 | H43: =TREND($C$2:$C$7,$E$2:$E$7,B43)/(C43*100%)*$B$114 -> 1.3679009 | I43: 1.0739194 | K43: =100-(I43/E43*100) -> 5.0734758 | L43: =(I43/F43*100)-100 -> 2.5499865 | N43: =(I43/H43*100)-100 -> -21.491432
A44: 5018625 | B44: 163.38835 | C44: 0.91587106 | E44: =((B44-$D$2+15.009)/9408)/(C44*100%)*$B$114 -> 0.79729074 | F44: =((B44-$D$2)/9386.5)/(C44*100%)*$B$114 -> 0.71182308 | H44: =TREND($C$2:$C$7,$E$2:$E$7,B44)/(C44*100%)*$B$114 -> 1.0355253 | I44: 0.73670664 | K44: =100-(I44/E44*100) -> 7.5987464 | L44: =(I44/F44*100)-100 -> 3.4957499 | N44: =(I44/H44*100)-100 -> -28.85672
A45: 6014755 | B45: 499.24491 | C45: 0.8696988 | E45: =((B45-$D$2+15.009)/9408)/(C45*100%)*$B$114 -> 2.8919983 | F45: =((B45-$D$2)/9386.5)/(C45*100%)*$B$114 -> 2.8066942 | H45: =TREND($C$2:$C$7,$E$2:$E$7,B45)/(C45*100%)*$B$114 -> 3.1428314 | I45: 2.8659807 | K45: =100-(I45/E45*100) -> 0.89964088 | L45: =(I45/F45*100)-100 -> 2.1123251 | N45: =(I45/H45*100)-100 -> -8.8089573
A46: 6016405 | B46: 317.38711 | C46: 0.87739605 | E46: =((B46-$D$2+15.009)/9408)/(C46*100%)*$B$114 -> 1.7650653 | F46: =((B46-$D$2)/9386.5)/(C46*100%)*$B$114 -> 1.6779864 | H46: =TREND($C$2:$C$7,$E$2:$E$7,B46)/(C46*100%)*$B$114 -> 2.0137243 | I46: 1.7253857 | K46: =100-(I46/E46*100) -> 2.2480538 | L46: =(I46/F46*100)-100 -> 2.8247716 | N46: =(I46/H46*100)-100 -> -14.318675
A47: Blank 3 | B47: 40.054135
A48: 7017480 | B48: 221.56076 | C48: 0.89502254 | E48: =((B48-$D$2+15.009)/9408)/(C48*100%)*$B$114 -> 1.1612893 | F48: =((B48-$D$2)/9386.5)/(C48*100%)*$B$114 -> 1.074622 | H48: =TREND($C$2:$C$7,$E$2:$E$7,B48)/(C48*100%)*$B$114 -> 1.4050649 | I48: 1.1083843 | K48: =100-(I48/E48*100) -> 4.555714 | L48: =(I48/F48*100)-100 -> 3.1417837 | N48: =(I48/H48*100)-100 -> -21.115084
A49: 7017480 | B49: 235.04704 | C49: 0.88707753 | E49: =((B49-$D$2+15.009)/9408)/(C49*100%)*$B$114 -> 1.2524887 | F49: =((B49-$D$2)/9386.5)/(C49*100%)*$B$114 -> 1.1652303 | H49: =TREND($C$2:$C$7,$E$2:$E$7,B49)/(C49*100%)*$B$114 -> 1.4984458 | I49: 1.2033185 | K49: =100-(I49/E49*100) -> 3.925801 | L49: =(I49/F49*100)-100 -> 3.2687323 | N49: =(I49/H49*100)-100 -> -19.695557
A50: 7017979 | B50: 163.63887 | C50: 0.88540087 | E50: =((B50-$D$2+15.009)/9408)/(C50*100%)*$B$114 -> 0.82623246 | F50: =((B50-$D$2)/9386.5)/(C50*100%)*$B$114 -> 0.73782696 | H50: =TREND($C$2:$C$7,$E$2:$E$7,B50)/(C50*100%)*$B$114 -> 1.0726655 | I50: 0.77124485 | K50: =100-(I50/E50*100) -> 6.655222 | L50: =(I50/F50*100)-100 -> 4.5292314 | N50: =(I50/H50*100)-100 -> -28.100156
A51: 7017979 | B51: 158.92566 | C51: 0.8830866 | E51: =((B51-$D$2+15.009)/9408)/(C51*100%)*$B$114 -> 0.80003251 | F51: =((B51-$D$2)/9386.5)/(C51*100%)*$B$114 -> 0.71133036 | H51: =TREND($C$2:$C$7,$E$2:$E$7,B51)/(C51*100%)*$B$114 -> 1.0471121 | I51: 0.7446713 | K51: =100-(I51/E51*100) -> 6.9198707 | L51: =(I51/F51*100)-100 -> 4.6871233 | N51: =(I51/H51*100)-100 -> -28.883326
A52: 3010112 | B52: 145.04667 | C52: 0.91833585 | E52: =((B52-$D$2+15.009)/9408)/(C52*100%)*$B$114 -> 0.68900317 | F52: =((B52-$D$2)/9386.5)/(C52*100%)*$B$114 -> 0.60352178 | H52: =TREND($C$2:$C$7,$E$2:$E$7,B52)/(C52*100%)*$B$114 -> 0.92660082 | I52: 0.62698464 | K52: =100-(I52/E52*100) -> 9.0011979 | L52: =(I52/F52*100)-100 -> 3.887657 | N52: =(I52/H52*100)-100 -> -32.33498
A53: 3010112 | B53: 132.09866 | C53: 0.90916346 | E53: =((B53-$D$2+15.009)/9408)/(C53*100%)*$B$114 -> 0.62026529 | F53: =((B53-$D$2)/9386.5)/(C53*100%)*$B$114 -> 0.53374811 | H53: =TREND($C$2:$C$7,$E$2:$E$7,B53)/(C53*100%)*$B$114 -> 0.86026184 | I53: 0.55877231 | K53: =100-(I53/E53*100) -> 9.9139794 | L53: =(I53/F53*100)-100 -> 4.688391 | N53: =(I53/H53*100)-100 -> -35.046251
A54: 3014819 | B54: 215.80456 | C54: 0.8860236 | E54: =((B54-$D$2+15.009)/9408)/(C54*100%)*$B$114 -> 1.1385567 | F54: =((B54-$D$2)/9386.5)/(C54*100%)*$B$114 -> 1.05093 | H54: =TREND($C$2:$C$7,$E$2:$E$7,B54)/(C54*100%)*$B$114 -> 1.384809 | I54: 1.0880191 | K54: =100-(I54/E54*100) -> 4.438743 | L54: =(I54/F54*100)-100 -> 3.5291637 | N54: =(I54/H54*100)-100 -> -21.431834
A55: 3014819 | B55: 214.76461 | C55: 0.88359367 | E55: =((B55-$D$2+15.009)/9408)/(C55*100%)*$B$114 -> 1.1354327 | F55: =((B55-$D$2)/9386.5)/(C55*100%)*$B$114 -> 1.0475507 | H55: =TREND($C$2:$C$7,$E$2:$E$7,B55)/(C55*100%)*$B$114 -> 1.3823624 | I55: 1.0851267 | K55: =100-(I55/E55*100) -> 4.4305584 | L55: =(I55/F55*100)-100 -> 3.5870285 | N55: =(I55/H55*100)-100 -> -21.502012
A56: 3019179 | B56: 240.65035 | C56: 0.88510917 | E56: =((B56-$D$2+15.009)/9408)/(C56*100%)*$B$114 -> 1.2889191 | F56: =((B56-$D$2)/9386.5)/(C56*100%)*$B$114 -> 1.2015436 | H56: =TREND($C$2:$C$7,$E$2:$E$7,B56)/(C56*100%)*$B$114 -> 1.5354223 | I56: 1.2417423 | K56: =100-(I56/E56*100) -> 3.6601854 | L56: =(I56/F56*100)-100 -> 3.3455822 | N56: =(I56/H56*100)-100 -> -19.126987
A57: 3019179 | B57: 267.33172 | C57: 0.88973005 | E57: =((B57-$D$2+15.009)/9408)/(C57*100%)*$B$114 -> 1.4416009 | F57: =((B57-$D$2)/9386.5)/(C57*100%)*$B$114 -> 1.3550443 | H57: =TREND($C$2:$C$7,$E$2:$E$7,B57)/(C57*100%)*$B$114 -> 1.68682 | I57: 1.3944896 | K57: =100-(I57/E57*100) -> 3.2679833 | L57: =(I57/F57*100)-100 -> 2.9109999 | N57: =(I57/H57*100)-100 -> -17.330267
A58: 5011752 | B58: 283.34411 | C58: 0.88479999 | E58: =((B58-$D$2+15.009)/9408)/(C58*100%)*$B$114 -> 1.5458132 | F58: =((B58-$D$2)/9386.5)/(C58*100%)*$B$114 -> 1.4589946 | H58: =TREND($C$2:$C$7,$E$2:$E$7,B58)/(C58*100%)*$B$114 -> 1.7923964 | I58: 1.5004803 | K58: =100-(I58/E58*100) -> 2.9326243 | L58: =(I58/F58*100)-100 -> 2.843445 | N58: =(I58/H58*100)-100 -> -16.286357
A59: 5011752 | B59: 279.23409 | C59: 0.89302681 | E59: =((B59-$D$2+15.009)/9408)/(C59*100%)*$B$114 -> 1.507113 | F59: =((B59-$D$2)/9386.5)/(C59*100%)*$B$114 -> 1.4210382 | H59: =TREND($C$2:$C$7,$E$2:$E$7,B59)/(C59*100%)*$B$114 -> 1.7514251 | I59: 1.4597831 | K59: =100-(I59/E59*100) -> 3.1404367 | L59: =(I59/F59*100)-100 -> 2.7265207 | N59: =(I59/H59*100)-100 -> -16.651702
A61: 6013040 | B61: 276.20165 | C61: 0.93731826 | E61: =((B61-$D$2+26.236)/8428.6)/(C61*100%)*$B$114 -> 1.6546099 | F61: =((B61-$D$2)/8391)/(C61*100%)*$B$114 -> 1.4952354 | H61: =TREND($C$8:$C$13,$E$8:$E$13,B61-$B$47)/(C61*100%)*$B$114 -> 1.6651744 | I61: 1.5108104 | K61: =100-(I61/E61*100) -> 8.690837 | L61: =(I61/F61*100)-100 -> 1.0416446 | N61: =(I61/H61*100)-100 -> -9.2701368
A62: 6013040 | B62: 297.23634 | C62: 0.94466514 | E62: =((B62-$D$2+26.236)/8428.6)/(C62*100%)*$B$114 -> 1.7738325 | F62: =((B62-$D$2)/8391)/(C62*100%)*$B$114 -> 1.6162894 | H62: =TREND($C$8:$C$13,$E$8:$E$13,B62-$B$47)/(C62*100%)*$B$114 -> 1.7842744 | I62: 1.6291066 | K62: =100-(I62/E62*100) -> 8.158936 | L62: =(I62/F62*100)-100 -> 0.79300417 | N62: =(I62/H62*100)-100 -> -8.6964084
A63: 6022995 | B63: 298.98886 | C63: 0.92515257 | E63: =((B63-$D$2+26.236)/8428.6)/(C63*100%)*$B$114 -> 1.822482 | F63: =((B63-$D$2)/8391)/(C63*100%)*$B$114 -> 1.6616665 | H63: =TREND($C$8:$C$13,$E$8:$E$13,B63-$B$47)/(C63*100%)*$B$114 -> 1.8331408 | I63: 1.6788903 | K63: =100-(I63/E63*100) -> 7.8789116 | L63: =(I63/F63*100)-100 -> 1.0365355 | N63: =(I63/H63*100)-100 -> -8.4145463
A64: 6022995 | B64: 281.3574 | C64: 0.94994839 | E64: =((B64-$D$2+26.236)/8428.6)/(C64*100%)*$B$114 -> 1.6648072 | F64: =((B64-$D$2)/8391)/(C64*100%)*$B$114 -> 1.5076959 | H64: =TREND($C$8:$C$13,$E$8:$E$13,B64-$B$47)/(C64*100%)*$B$114 -> 1.6752213 | I64: 1.5184466 | K64: =100-(I64/E64*100) -> 8.7914448 | L64: =(I64/F64*100)-100 -> 0.71305049 | N64: =(I64/H64*100)-100 -> -9.3584522
A65: 8022461 | B65: 154.0302 | C65: 0.94365202 | E65: =((B65-$D$2+26.236)/8428.6)/(C65*100%)*$B$114 -> 0.8754844 | F65: =((B65-$D$2)/8391)/(C65*100%)*$B$114 -> 0.71373814 | H65: =TREND($C$8:$C$13,$E$8:$E$13,B65-$B$47)/(C65*100%)*$B$114 -> 0.88621287 | I65: 0.73500877 | K65: =100-(I65/E65*100) -> 16.045475 | L65: =(I65/F65*100)-100 -> 2.980173 | N65: =(I65/H65*100)-100 -> -17.061826
A66: 8022461 | B66: 182.27869 | C66: 0.95236856 | E66: =((B66-$D$2+26.236)/8428.6)/(C66*100%)*$B$114 -> 1.0434278 | F66: =((B66-$D$2)/8391)/(C66*100%)*$B$114 -> 0.88395037 | H66: =TREND($C$8:$C$13,$E$8:$E$13,B66-$B$47)/(C66*100%)*$B$114 -> 1.0540043 | I66: 0.90083463 | K66: =100-(I66/E66*100) -> 13.665839 | L66: =(I66/F66*100)-100 -> 1.9100914 | N66: =(I66/H66*100)-100 -> -14.532164
A67: 5021103 | B67: 188.42942 | C67: 1.0112687 | E67: =((B67-$D$2+26.236)/8428.6)/(C67*100%)*$B$114 -> 1.0187353 | F67: =((B67-$D$2)/8391)/(C67*100%)*$B$114 -> 0.86870811 | H67: =TREND($C$8:$C$13,$E$8:$E$13,B67-$B$47)/(C67*100%)*$B$114 -> 1.0286847 | I67: 0.87109096 | K67: =100-(I67/E67*100) -> 14.492903 | L67: =(I67/F67*100)-100 -> 0.27429838 | N67: =(I67/H67*100)-100 -> -15.319926
A68: 5021103 | B68: 160.16786 | C68: 0.9831183 | E68: =((B68-$D$2+26.236)/8428.6)/(C68*100%)*$B$114 -> 0.87737389 | F68: =((B68-$D$2)/8391)/(C68*100%)*$B$114 -> 0.72228672 | H68: =TREND($C$8:$C$13,$E$8:$E$13,B68-$B$47)/(C68*100%)*$B$114 -> 0.88766035 | I68: 0.73160822 | K68: =100-(I68/E68*100) -> 16.61386 | L68: =(I68/F68*100)-100 -> 1.290554 | N68: =(I68/H68*100)-100 -> -17.580163
A69: 6022863 | B69: 711.36411 | C69: 0.91374543 | E69: =((B69-$D$2+26.236)/8428.6)/(C69*100%)*$B$114 -> 4.5224407 | F69: =((B69-$D$2)/8391)/(C69*100%)*$B$114 -> 4.3716141 | H69: =TREND($C$8:$C$13,$E$8:$E$13,B69-$B$47)/(C69*100%)*$B$114 -> 4.5324137 | I69: 4.3671568 | K69: =100-(I69/E69*100) -> 3.4336309 | L69: =(I69/F69*100)-100 -> -0.10196101 | N69: =(I69/H69*100)-100 -> -3.6461131
A70: 6022863 | B70: 648.57453 | C70: 0.91604508 | E70: =((B70-$D$2+26.236)/8428.6)/(C70*100%)*$B$114 -> 4.1044707 | F70: =((B70-$D$2)/8391)/(C70*100%)*$B$114 -> 3.9522008 | H70: =TREND($C$8:$C$13,$E$8:$E$13,B70-$B$47)/(C70*100%)*$B$114 -> 4.1145431 | I70: 3.9499284 | K70: =100-(I70/E70*100) -> 3.7652205 | L70: =(I70/F70*100)-100 -> -0.05749663 | N70: =(I70/H70*100)-100 -> -4.0008015
A71: 7016034 | B71: 81.592188 | C71: 0.97019228 | E71: =((B71-$D$2+26.236)/8428.6)/(C71*100%)*$B$114 -> 0.408617 | F71: =((B71-$D$2)/8391)/(C71*100%)*$B$114 -> 0.24931071 | H71: =TREND($C$8:$C$13,$E$8:$E$13,B71-$B$47)/(C71*100%)*$B$114 -> 0.41918745 | I71: 0.26655633 | K71: =100-(I71/E71*100) -> 34.766217 | L71: =(I71/F71*100)-100 -> 6.9173203 | N71: =(I71/H71*100)-100 -> -36.411187
A72: 7016034 | B72: 55.409349 | C72: 0.95144994 | E72: =((B72-$D$2+26.236)/8428.6)/(C72*100%)*$B$114 -> 0.25341918 | F72: =((B72-$D$2)/8391)/(C72*100%)*$B$114 -> 0.090243248 | H72: =TREND($C$8:$C$13,$E$8:$E$13,B72-$B$47)/(C72*100%)*$B$114 -> 0.26424778 | I72: 0.11615189 | K72: =100-(I72/E72*100) -> 54.166101 | L72: =(I72/F72*100)-100 -> 28.709787 | N72: =(I72/H72*100)-100 -> -56.044326
A73: Blank 7 | B73: 33.209147
A74: 7013655 | B74: 142.45129 | C74: 0.94473389 | E74: =((B74-$B$73+26.236)/8428.6)/(C74*100%)*$B$114 -> 0.85069584 | F74: =((B74-$B$73)/8391)/(C74*100%)*$B$114 -> 0.68902822 | H74: =TREND($C$8:$C$13,$E$8:$E$13,B74-$B$73)/(C74*100%)*$B$114 -> 0.85548183 | I74: 0.66073556 | K74: =100-(I74/E74*100) -> 22.329988 | L74: =(I74/F74*100)-100 -> -4.1061681 | N74: =(I74/H74*100)-100 -> -22.764513
A75: 7013655 | B75: 142.53002 | C75: 0.90647968 | E75: =((B75-$B$73+26.236)/8428.6)/(C75*100%)*$B$114 -> 0.88711115 | F75: =((B75-$B$73)/8391)/(C75*100%)*$B$114 -> 0.71862333 | H75: =TREND($C$8:$C$13,$E$8:$E$13,B75)/(C75*100%)*$B$114 -> 1.1093598 | I75: 0.69937765 | K75: =100-(I75/E75*100) -> 21.162342 | L75: =(I75/F75*100)-100 -> -2.6781311 | N75: =(I75/H75*100)-100 -> -36.956641
A76: 7016050 | B76: 371.14443 | C76: 0.94450543 | E76: =((B76-$B$73+26.236)/8428.6)/(C76*100%)*$B$114 -> 2.2872614 | F76: =((B76-$B$73)/8391)/(C76*100%)*$B$114 -> 2.131991 | H76: =TREND($C$8:$C$13,$E$8:$E$13,B76)/(C76*100%)*$B$114 -> 2.5001231 | I76: 2.089272 | K76: =100-(I76/E76*100) -> 8.6561781 | L76: =(I76/F76*100)-100 -> -2.0037144 | N76: =(I76/H76*100)-100 -> -16.433237
A77: 7016050 | B77: 359.00481 | C77: 0.93032125 | E77: =((B77-$B$73+26.236)/8428.6)/(C77*100%)*$B$114 -> 2.2447261 | F77: =((B77-$B$73)/8391)/(C77*100%)*$B$114 -> 2.0867415 | H77: =TREND($C$8:$C$13,$E$8:$E$13,B77)/(C77*100%)*$B$114 -> 2.4608569 | I77: 2.049319 | K77: =100-(I77/E77*100) -> 8.7051627 | L77: =(I77/F77*100)-100 -> -1.7933437 | N77: =(I77/H77*100)-100 -> -16.723357
A78: 3015106 | B78: 523.71698 | C78: 0.90751769 | E78: =((B78-$B$73+26.236)/8428.6)/(C78*100%)*$B$114 -> 3.3778065 | F78: =((B78-$B$73)/8391)/(C78*100%)*$B$114 -> 3.2206767 | H78: =TREND($C$8:$C$13,$E$8:$E$13,B78)/(C78*100%)*$B$114 -> 3.5990388 | I78: 3.1778768 | K78: =100-(I78/E78*100) -> 5.9189206 | L78: =(I78/F78*100)-100 -> -1.3289105 | N78: =(I78/H78*100)-100 -> -11.70207
A79: 3015106 | B79: 502.26505 | C79: 0.90819078 | E79: =((B79-$B$73+26.236)/8428.6)/(C79*100%)*$B$114 -> 3.2351818 | F79: =((B79-$B$73)/8391)/(C79*100%)*$B$114 -> 3.0775406 | H79: =TREND($C$8:$C$13,$E$8:$E$13,B79)/(C79*100%)*$B$114 -> 3.4562931 | I79: 3.0360328 | K79: =100-(I79/E79*100) -> 6.1557303 | L79: =(I79/F79*100)-100 -> -1.348735 | N79: =(I79/H79*100)-100 -> -12.159279
A80: 3017494 | B80: 427.53536 | C80: 0.90554332 | E80: =((B80-$B$73+26.236)/8428.6)/(C80*100%)*$B$114 -> 2.7550887 | F80: =((B80-$B$73)/8391)/(C80*100%)*$B$114 -> 2.5947929 | H80: =TREND($C$8:$C$13,$E$8:$E$13,B80)/(C80*100%)*$B$114 -> 2.9769961 | I80: 2.558294 | K80: =100-(I80/E80*100) -> 7.142951 | L80: =(I80/F80*100)-100 -> -1.4066198 | N80: =(I80/H80*100)-100 -> -14.064581
A81: 3017494 | B81: 440.06071 | C81: 0.91546457 | E81: =((B81-$B$73+26.236)/8428.6)/(C81*100%)*$B$114 -> 2.8063946 | F81: =((B81-$B$73)/8391)/(C81*100%)*$B$114 -> 2.6481997 | H81: =TREND($C$8:$C$13,$E$8:$E$13,B81)/(C81*100%)*$B$114 -> 3.0258723 | I81: 2.6077186 | K81: =100-(I81/E81*100) -> 7.0794053 | L81: =(I81/F81*100)-100 -> -1.5286297 | N81: =(I81/H81*100)-100 -> -13.819279
A82: 3014967 | B82: 261.64879 | C82: 0.89249327 | E82: =((B82-$B$73+26.236)/8428.6)/(C82*100%)*$B$114 -> 1.6927664 | F82: =((B82-$B$73)/8391)/(C82*100%)*$B$114 -> 1.525186 | H82: =TREND($C$8:$C$13,$E$8:$E$13,B82)/(C82*100%)*$B$114 -> 1.9182557 | I82: 1.5015279 | K82: =100-(I82/E82*100) -> 11.297394 | L82: =(I82/F82*100)-100 -> -1.551162 | N82: =(I82/H82*100)-100 -> -21.724311
A83: 3014967 | B83: 234.85826 | C83: 0.89966468 | E83: =((B83-$B$73+26.236)/8428.6)/(C83*100%)*$B$114 -> 1.5026224 | F83: =((B83-$B$73)/8391)/(C83*100%)*$B$114 -> 1.3355862 | H83: =TREND($C$8:$C$13,$E$8:$E$13,B83)/(C83*100%)*$B$114 -> 1.7263683 | I83: 1.3129831 | K83: =100-(I83/E83*100) -> 12.620555 | L83: =(I83/F83*100)-100 -> -1.6923762 | N83: =(I83/H83*100)-100 -> -23.945367
A84: 3016170 | B84: 288.32771 | C84: 0.90259281 | E84: =((B84-$B$73+26.236)/8428.6)/(C84*100%)*$B$114 -> 1.8491692 | F84: =((B84-$B$73)/8391)/(C84*100%)*$B$114 -> 1.6842497 | H84: =TREND($C$8:$C$13,$E$8:$E$13,B84)/(C84*100%)*$B$114 -> 2.0720818 | I84: 1.6569683 | K84: =100-(I84/E84*100) -> 10.393906 | L84: =(I84/F84*100)-100 -> -1.6197942 | N84: =(I84/H84*100)-100 -> -20.033646
A85: 3016170 | B85: 271.03648 | C85: 0.90353029 | E85: =((B85-$B$73+26.236)/8428.6)/(C85*100%)*$B$114 -> 1.7337239 | F85: =((B85-$B$73)/8391)/(C85*100%)*$B$114 -> 1.5684668 | H85: =TREND($C$8:$C$13,$E$8:$E$13,B85)/(C85*100%)*$B$114 -> 1.95644 | I85: 1.5411829 | K85: =100-(I85/E85*100) -> 11.105631 | L85: =(I85/F85*100)-100 -> -1.7395238 | N85: =(I85/H85*100)-100 -> -21.225135
A87: Blank 9 | B87: 44.106693
A88: 3021530 | B88: 4.8012621 | C88: 0.00010868898 | E88: =((B88-$B$87+9.6175)/8034.1)/(C88*100%)*$B$114 -> -1699.9149 | F88: =((B88-$B$87)/8020.3)/(C88*100%)*$B$114 -> -2254.4803 | H88: =TREND($C$14:$C$19,$E$14:$E$19,B88-$B$87)/(C88*100%)*$B$114 -> -1698.5729 | I88: 345.6266 | K88: =100-(I88/E88*100) -> 120.33199 | L88: =(I88/F88*100)-100 -> -115.33066 | N88: =(I88/H88*100)-100 -> -120.34806
A89: 3021530 | B89: 133.14674 | C89: 0.98753644 | E89: =((B89-$B$87+9.6175)/8034.1)/(C89*100%)*$B$114 -> 0.62174166 | F89: =((B89-$B$87)/8020.3)/(C89*100%)*$B$114 -> 0.56209751 | H89: =TREND($C$14:$C$19,$E$14:$E$19,B89-$B$87)/(C89*100%)*$B$114 -> 0.62188645 | I89: 0.57549707 | K89: =100-(I89/E89*100) -> 7.4379115 | L89: =(I89/F89*100)-100 -> 2.3838499 | N89: =(I89/H89*100)-100 -> -7.4594621
A90: 4010272 | B90: 1628.1227 | C90: 0.9077999 | E90: =((B90-$B$87+9.6175)/8034.1)/(C90*100%)*$B$114 -> 10.925242 | F90: =((B90-$B$87)/8020.3)/(C90*100%)*$B$114 -> 10.877994 | H90: =TREND($C$14:$C$19,$E$14:$E$19,B90-$B$87)/(C90*100%)*$B$114 -> 10.925363 | I90: 10.985848 | K90: =100-(I90/E90*100) -> -0.55473045 | L90: =(I90/F90*100)-100 -> 0.99148846 | N90: =(I90/H90*100)-100 -> 0.55362056
A91: 4010272 | B91: 64.231622 | C91: 0.89331259 | E91: =((B91-$B$87+9.6175)/8034.1)/(C91*100%)*$B$114 -> 0.20720763 | F91: =((B91-$B$87)/8020.3)/(C91*100%)*$B$114 -> 0.1404463 | H91: =TREND($C$14:$C$19,$E$14:$E$19,B91-$B$87)/(C91*100%)*$B$114 -> 0.20736942 | I91: 0.17939598 | K91: =100-(I91/E91*100) -> 13.42212 | L91: =(I91/F91*100)-100 -> 27.732793 | N91: =(I91/H91*100)-100 -> -13.489668
A92: 5012473 | B92: 353.23279 | C92: 0.87172988 | E92: =((B92-$B$87+9.6175)/8034.1)/(C92*100%)*$B$114 -> 2.275581 | F92: =((B92-$B$87)/8020.3)/(C92*100%)*$B$114 -> 2.2107169 | H92: =TREND($C$14:$C$19,$E$14:$E$19,B92-$B$87)/(C92*100%)*$B$114 -> 2.2757394 | I92: 2.2715088 | K92: =100-(I92/E92*100) -> 0.17895275 | L92: =(I92/F92*100)-100 -> 2.7498747 | N92: =(I92/H92*100)-100 -> -0.18589912
A93: 5012473 | B93: 343.96513 | C93: 0.88427874 | E93: =((B93-$B$87+9.6175)/8034.1)/(C93*100%)*$B$114 -> 2.1780632 | F93: =((B93-$B$87)/8020.3)/(C93*100%)*$B$114 -> 2.1140073 | H93: =TREND($C$14:$C$19,$E$14:$E$19,B93-$B$87)/(C93*100%)*$B$114 -> 2.1782195 | I93: 2.1707379 | K93: =100-(I93/E93*100) -> 0.33632332 | L93: =(I93/F93*100)-100 -> 2.6835556 | N93: =(I93/H93*100)-100 -> -0.34347715
A94: 5019737 | B94: 107.24259 | C94: 0.93897364 | E94: =((B94-$B$87+9.6175)/8034.1)/(C94*100%)*$B$114 -> 0.48220607 | F94: =((B94-$B$87)/8020.3)/(C94*100%)*$B$114 -> 0.41918176 | H94: =TREND($C$14:$C$19,$E$14:$E$19,B94-$B$87)/(C94*100%)*$B$114 -> 0.48235897 | I94: 0.44668394 | K94: =100-(I94/E94*100) -> 7.3665876 | L94: =(I94/F94*100)-100 -> 6.5609196 | N94: =(I94/H94*100)-100 -> -7.3959501
A95: 5019737 | B95: 109.42429 | C95: 0.93949448 | E95: =((B95-$B$87+9.6175)/8034.1)/(C95*100%)*$B$114 -> 0.49639091 | F95: =((B95-$B$87)/8020.3)/(C95*100%)*$B$114 -> 0.43342641 | H95: =TREND($C$14:$C$19,$E$14:$E$19,B95-$B$87)/(C95*100%)*$B$114 -> 0.49654367 | I95: 0.45998112 | K95: =100-(I95/E95*100) -> 7.3349019 | L95: =(I95/F95*100)-100 -> 6.126696 | N95: =(I95/H95*100)-100 -> -7.3634099
A96: 5022428 | B96: 152.94547 | C96: 0.87782467 | E96: =((B96-$B$87+9.6175)/8034.1)/(C96*100%)*$B$114 -> 0.8398139 | F96: =((B96-$B$87)/8020.3)/(C96*100%)*$B$114 -> 0.77295685 | H96: =TREND($C$14:$C$19,$E$14:$E$19,B96-$B$87)/(C96*100%)*$B$114 -> 0.83997628 | I96: 0.82241775 | K96: =100-(I96/E96*100) -> 2.0714293 | L96: =(I96/F96*100)-100 -> 6.3989208 | N96: =(I96/H96*100)-100 -> -2.0903603
A97: 5022428 | B97: 139.38156 | C97: 0.87808575 | E97: =((B97-$B$87+9.6175)/8034.1)/(C97*100%)*$B$114 -> 0.74342939 | F97: =((B97-$B$87)/8020.3)/(C97*100%)*$B$114 -> 0.67642681 | H97: =TREND($C$14:$C$19,$E$14:$E$19,B97-$B$87)/(C97*100%)*$B$114 -> 0.74359207 | I97: 0.7253749 | K97: =100-(I97/E97*100) -> 2.4285421 | L97: =(I97/F97*100)-100 -> 7.2362723 | N97: =(I97/H97*100)-100 -> -2.4498881
A98: 6012213 | B98: 232.24854 | C98: 0.86684958 | E98: =((B98-$B$87+9.6175)/8034.1)/(C98*100%)*$B$114 -> 1.4197964 | F98: =((B98-$B$87)/8020.3)/(C98*100%)*$B$114 -> 1.3530725 | H98: =TREND($C$14:$C$19,$E$14:$E$19,B98-$B$87)/(C98*100%)*$B$114 -> 1.4199587 | I98: 1.409579 | K98: =100-(I98/E98*100) -> 0.71963565 | L98: =(I98/F98*100)-100 -> 4.1761632 | N98: =(I98/H98*100)-100 -> -0.73098923
A99: 6012213 | B99: 116.43456 | C99: 0.88195977 | E99: =((B99-$B$87+9.6175)/8034.1)/(C99*100%)*$B$114 -> 0.57824038 | F99: =((B99-$B$87)/8020.3)/(C99*100%)*$B$114 -> 0.5112535 | H99: =TREND($C$14:$C$19,$E$14:$E$19,B99-$B$87)/(C99*100%)*$B$114 -> 0.57840293 | I99: 0.55760164 | K99: =100-(I99/E99*100) -> 3.5692315 | L99: =(I99/F99*100)-100 -> 9.06559 | N99: =(I99/H99*100)-100 -> -3.596331
A100: Blank 11 | B100: 25.312809
A101: 6017142 | B101: 210.75854 | C101: 0.89380871 | E101: =((B101-$B$100+9.6175)/8034.1)/(C101*100%)*$B$114 -> 1.3581996 | F101: =((B101-$B$100)/8020.3)/(C101*100%)*$B$114 -> 1.293456 | H101: =TREND($C$14:$C$19,$E$14:$E$19,B101-$B$100)/(C101*100%)*$B$114 -> 1.3583572 | I101: 1.2094591 | K101: =100-(I101/E101*100) -> 10.951297 | L101: =(I101/F101*100)-100 -> -6.4939847 | N101: =(I101/H101*100)-100 -> -10.961626
A102: 6017142 | B102: 215.04292 | C102: 0.89563464 | E102: =((B102-$B$100+9.6175)/8034.1)/(C102*100%)*$B$114 -> 1.3852014 | F102: =((B102-$B$100)/8020.3)/(C102*100%)*$B$114 -> 1.320641 | H102: =TREND($C$14:$C$19,$E$14:$E$19,B102-$B$100)/(C102*100%)*$B$114 -> 1.3853586 | I102: 1.2356407 | K102: =100-(I102/E102*100) -> 10.797041 | L102: =(I102/F102*100)-100 -> -6.4362936 | N102: =(I102/H102*100)-100 -> -10.807158
A103: 6022103 | B103: 1620.8698 | C103: 0.85856798 | E103: =((B103-$B$100+9.6175)/8034.1)/(C103*100%)*$B$114 -> 11.635373 | F103: =((B103-$B$100)/8020.3)/(C103*100%)*$B$114 -> 11.58556 | H103: =TREND($C$14:$C$19,$E$14:$E$19,B103-$B$100)/(C103*100%)*$B$114 -> 11.635501 | I103: 11.577 | K103: =100-(I103/E103*100) -> 0.50168712 | L103: =(I103/F103*100)-100 -> -0.073879819 | N103: =(I103/H103*100)-100 -> -0.50277488
A104: 6022103 | B104: 1595.1037 | C104: 0.87508549 | E104: =((B104-$B$100+9.6175)/8034.1)/(C104*100%)*$B$114 -> 11.232508 | F104: =((B104-$B$100)/8020.3)/(C104*100%)*$B$114 -> 11.183319 | H104: =TREND($C$14:$C$19,$E$14:$E$19,B104-$B$100)/(C104*100%)*$B$114 -> 11.232633 | I104: 11.177516 | K104: =100-(I104/E104*100) -> 0.48957924 | L104: =(I104/F104*100)-100 -> -0.051891582 | N104: =(I104/H104*100)-100 -> -0.49069073
...

Sheet zinc_Zn
A1: Date | B1: No_cal | C1: Std_conc (ppb) | D1: Zn 64 (cps) | E1: Zn_64 (BLK corrected) | F1: SUMMARY OUTPUT | H1: ANOVA
A2: 43838 | B2: 1 | C2: 0 | D2: 542 | E2: =D2-$D$2 -> 0 | F2: Regression Statistics | I2: df | J2: SS | K2: MS | L2: F | M2: Significance F | O2: Coefficients | P2: SE | Q2: SD | R2: t Stat | S2: P-value | T2: Lower 95% | U2: Upper 95% | V2: Lower 95.0% | W2: Upper 95.0% | X2: LOD (µg/L) | Y2: LOQ (µg/L)
A3: 43838 | B3: 1 | C3: 1 | D3: 5778 | E3: =D3-$D$2 -> 5236 | F3: Multiple R | G3: 0.9999825 | H3: Regression | I3: 1 | J3: 7.0935443e+09 | K3: 7.0935443e+09 | L3: 85727.159 | M3: 8.7856695e-08 | N3: Intercept | O3: -358.72139 | P3: 190.69386 | Q3: =P3*SQRT(G7) -> 426.40443 | R3: -1.8811376 | S3: 0.15651893 | T3: -965.59436 | U3: 248.15157 | V3: -965.59436 | W3: 248.15157 | X3: =3.3*Q3/O4 -> 0.25947329 | Y3: =10*Q3/O4 -> 0.7862827
A4: 43838 | B4: 1 | C4: 2 | D4: 11162 | E4: =D4-$D$2 -> 10620 | F4: R Square | G4: 0.99996501 | H4: Residual | I4: 3 | J4: 248236.77 | K4: 82745.59 | N4: X Variable 1 | O4: 5423.0423 | P4: 18.521825 | R4: 292.79201 | S4: 8.7856695e-08 | T4: 5364.0976 | U4: 5481.987 | V4: 5364.0976 | W4: 5481.987
A5: 43838 | B5: 1 | C5: 5 | D5: 27177 | E5: =D5-$D$2 -> 26635 | F5: Adjusted R Square | G5: 0.99995334 | H5: Total | I5: 4 | J5: 7.0937925e+09
A6: 43838 | B6: 1 | C6: 10 | D6: 54031 | E6: =D6-$D$2 -> 53489 | F6: Standard Error | G6: 287.65533
A7: 43838 | B7: 1 | C7: 20 | D7: 108844 | E7: =D7-$D$2 -> 108302 | F7: Observations | G7: 5
A8: 43838 | B8: 2 | C8: 0 | D8: 714 | E8: =D8-$D$8 -> 0 | F8: Regression Statistics | I8: df | J8: SS | K8: MS | L8: F | M8: Significance F | O8: Coefficients | P8: SE | Q8: SD | R8: t Stat | S8: P-value | T8: Lower 95% | U8: Upper 95% | V8: Lower 95.0% | W8: Upper 95.0%
A9: 43838 | B9: 2 | C9: 1 | D9: 5265 | E9: =D9-$D$8 -> 4551 | F9: Multiple R | G9: 0.99995316 | H9: Regression | I9: 1 | J9: 5.5979996e+09 | K9: 5.5979996e+09 | L9: 32018.965 | M9: 3.8486728e-07 | N9: Intercept | O9: -361.91045 | P9: 277.18969 | Q9: =P9*SQRT(G13) -> 619.81498 | R9: -1.3056418 | S9: 0.28277587 | T9: -1244.0517 | U9: 520.23085 | V9: -1244.0517 | W9: 520.23085 | X9: =3.3*Q9/O10 -> 0.42456895 | Y9: =10*Q9/O10 -> 1.2865726
A10: 43838 | B10: 2 | C10: 2 | D10: 10120 | E10: =D10-$D$8 -> 9406 | F10: R Square | G10: 0.99990631 | H10: Residual | I10: 3 | J10: 524501.61 | K10: 174833.87 | N10: X Variable 1 | O10: 4817.5672 | P10: 26.923042 | R10: 178.93844 | S10: 3.8486728e-07 | T10: 4731.886 | U10: 4903.2483 | V10: 4731.886 | W10: 4903.2483
A11: 43838 | B11: 2 | C11: 5 | D11: 24585 | E11: =D11-$D$8 -> 23871 | F11: Adjusted R Square | G11: 0.99987509 | H11: Total | I11: 4 | J11: 5.5985241e+09
A12: 43838 | B12: 2 | C12: 10 | D12: 47890 | E12: =D12-$D$8 -> 47176 | F12: Standard Error | G12: 418.1314
A13: 43838 | B13: 2 | C13: 20 | D13: 96968 | E13: =D13-$D$8 -> 96254 | F13: Observations | G13: 5
A14: 43838 | B14: 3 | C14: 0 | D14: 679 | E14: =D14-$D$14 -> 0 | F14: Regression Statistics | I14: df | J14: SS | K14: MS | L14: F | M14: Significance F | O14: Coefficients | P14: SE | Q14: SD | R14: t Stat | S14: P-value | T14: Lower 95% | U14: Upper 95% | V14: Lower 95.0% | W14: Upper 95.0%
A15: 43838 | B15: 3 | C15: 1 | D15: 5019 | E15: =D15-$D$14 -> 4340 | F15: Multiple R | G15: 0.99997486 | H15: Regression | I15: 1 | J15: 4.9201839e+09 | K15: 4.9201839e+09 | L15: 59663.543 | M15: 1.5131465e-07 | N15: Intercept | O15: -106 | P15: 190.37084 | Q15: =P15*SQRT(G19) -> 425.68214 | R15: -0.55680796 | S15: 0.61649953 | T15: -711.84498 | U15: 499.84498 | V15: -711.84498 | W15: 499.84498 | X15: =3.3*Q15/O16 -> 0.31102647 | Y15: =10*Q15/O16 -> 0.94250447
A16: 43838 | B16: 3 | C16: 2 | D16: 9565 | E16: =D16-$D$14 -> 8886 | F16: R Square | G16: 0.99994972 | H16: Residual | I16: 3 | J16: 247396.5 | K16: 82465.5 | N16: X Variable 1 | O16: 4516.5 | P16: 18.490451 | R16: 244.26122 | S16: 1.5131465e-07 | T16: 4457.6551 | U16: 4575.3449 | V16: 4457.6551 | W16: 4575.3449
A17: 43838 | B17: 3 | C17: 5 | D17: 23512 | E17: =D17-$D$14 -> 22833 | F17: Adjusted R Square | G17: 0.99993296 | H17: Total | I17: 4 | J17: 4.9204313e+09
A18: 43838 | B18: 3 | C18: 10 | D18: 45411 | E18: =D18-$D$14 -> 44732 | F18: Standard Error | G18: 287.16807
A19: 43838 | B19: 3 | C19: 20 | D19: 90985 | E19: =D19-$D$14 -> 90306 | F19: Observations | G19: 5
A20: 43789 | B20: 1 | C20: 0 | D20: 234.75193 | E20: =D20-$D$20 -> 0 | F20: Regression Statistics | I20: df | J20: SS | K20: MS | L20: F | M20: Significance F | O20: Coefficients | P20: SE | Q20: SD | R20: t Stat | S20: P-value | T20: Lower 95% | U20: Upper 95% | V20: Lower 95.0% | W20: Upper 95.0%
A21: 43789 | B21: 1 | C21: 1 | D21: 8852.7423 | E21: =D21-$D$20 -> 8617.9904 | F21: Multiple R | G21: 0.99889908 | H21: Regression | I21: 1 | J21: 3.6125341e+09 | K21: 3.6125341e+09 | L21: 1360.2425 | M21: 4.3842777e-05 | N21: Intercept | O21: 2609.5955 | P21: 1080.3441 | Q21: =P21*SQRT(G25) -> 2415.7228 | R21: 2.4155225 | S21: 0.094547515 | T21: -828.54156 | U21: 6047.7325 | V21: -828.54156 | W21: 6047.7325 | X21: =3.3*Q21/O22 -> 2.0598885 | Y21: =10*Q21/O22 -> 6.2420864
A22: 43789 | B22: 1 | C22: 2 | D22: 8852.7423 | E22: =D22-$D$20 -> 8617.9904 | F22: R Square | G22: 0.99779936 | H22: Residual | I22: 3 | J22: 7967404.9 | K22: 2655801.6 | N22: X Variable 1 | O22: 3870.0567 | P22: 104.93229 | R22: 36.881465 | S22: 4.3842777e-05 | T22: 3536.1153 | U22: 4203.9981 | V22: 3536.1153 | W22: 4203.9981
A23: 43789 | B23: 1 | C23: 5 | D23: 21627.365 | E23: =D23-$D$20 -> 21392.613 | F23: Adjusted R Square | G23: 0.99706582 | H23: Total | I23: 4 | J23: 3.6205015e+09
A24: 43789 | B24: 1 | C24: 10 | D24: 41450.063 | E24: =D24-$D$20 -> 41215.312 | F24: Standard Error | G24: 1629.663
A25: 43789 | B25: 1 | C25: 20 | D25: 80500.978 | E25: =D25-$D$20 -> 80266.226 | F25: Observations | G25: 5
A26: 43888 | B26: 1 | C26: 0 | D26: 345.00419 | E26: =D26-$D$26 -> 0 | F26: Regression Statistics | I26: df | J26: SS | K26: MS | L26: F | M26: Significance F | O26: Coefficients | P26: SE | Q26: SD | R26: t Stat | S26: P-value | T26: Lower 95% | U26: Upper 95% | V26: Lower 95.0% | W26: Upper 95.0%
A27: 43888 | B27: 1 | C27: 1 | D27: 6003.0113 | E27: =D27-$D$26 -> 5658.0071 | F27: Multiple R | G27: 0.99997764 | H27: Regression | I27: 1 | J27: 8.0294431e+09 | K27: 8.0294431e+09 | L27: 67073.291 | M27: 1.2694717e-07 | N27: Intercept | O27: -232.50823 | P27: 229.36766 | Q27: =P27*SQRT(G31) -> 512.88168 | R27: -1.0136923 | S27: 0.38537918 | T27: -962.45849 | U27: 497.44204 | V27: -962.45849 | W27: 497.44204 | X27: =3.3*Q27/O28 -> 0.2933439 | Y27: =10*Q27/O28 -> 0.88892092
A28: 43888 | B28: 1 | C28: 2 | D28: 11681.024 | E28: =D28-$D$26 -> 11336.02 | F28: R Square | G28: 0.99995527 | H28: Residual | I28: 3 | J28: 359134.45 | K28: 119711.48 | N28: X Variable 1 | O28: 5769.711 | P28: 22.278157 | R28: 258.98512 | S28: 1.2694717e-07 | T28: 5698.812 | U28: 5840.61 | V28: 5698.812 | W28: 5840.61
A29: 43888 | B29: 1 | C29: 5 | D29: 29121.406 | E29: =D29-$D$26 -> 28776.402 | F29: Adjusted R Square | G29: 0.99994037 | H29: Total | I29: 4 | J29: 8.0298022e+09
A30: 43888 | B30: 1 | C30: 10 | D30: 57287.153 | E30: =D30-$D$26 -> 56942.149 | F30: Standard Error | G30: 345.99347
A31: 43888 | B31: 1 | C31: 20 | D31: 115718.9 | E31: =D31-$D$26 -> 115373.9 | F31: Observations | G31: 5
A32: 43888 | B32: 2 | C32: 0 | D32: 353.00437 | E32: =D32-$D$32 -> 0 | F32: Regression Statistics | I32: df | J32: SS | K32: MS | L32: F | M32: Significance F | O32: Coefficients | P32: SE | Q32: SD | R32: t Stat | S32: P-value | T32: Lower 95% | U32: Upper 95% | V32: Lower 95.0% | W32: Upper 95.0%
A33: 43888 | B33: 2 | C33: 1 | D33: 5478.3008 | E33: =D33-$D$32 -> 5125.2964 | F33: Multiple R | G33: 0.99999336 | H33: Regression | I33: 1 | J33: 6.0434067e+09 | K33: 6.0434067e+09 | L33: 225822.44 | M33: 2.0550064e-08 | N33: Intercept | O33: 82.430959 | P33: 108.44802 | Q33: =P33*SQRT(G37) -> 242.49715 | R33: 0.76009647 | S33: 0.50247374 | T33: -262.69905 | U33: 427.56097 | V33: -262.69905 | W33: 427.56097 | X33: =3.3*Q33/O34 -> 0.1598705 | Y33: =10*Q33/O34 -> 0.48445605
A34: 43888 | B34: 2 | C34: 2 | D34: 10379.019 | E34: =D34-$D$32 -> 10026.015 | F34: R Square | G34: 0.99998672 | H34: Residual | I34: 3 | J34: 80285.289 | K34: 26761.763 | N34: X Variable 1 | O34: 5005.5552 | P34: 10.533403 | R34: 475.20779 | S34: 2.0550064e-08 | T34: 4972.0333 | U34: 5039.0772 | V34: 4972.0333 | W34: 5039.0772
A35: 43888 | B35: 2 | C35: 5 | D35: 25632.73 | E35: =D35-$D$32 -> 25279.725 | F35: Adjusted R Square | G35: 0.99998229 | H35: Total | I35: 4 | J35: 6.043487e+09
A36: 43888 | B36: 2 | C36: 10 | D36: 50287.37 | E36: =D36-$D$32 -> 49934.365 | F36: Standard Error | G36: 163.59023
A37: 43888 | B37: 2 | C37: 20 | D37: 100610.86 | E37: =D37-$D$32 -> 100257.85 | F37: Observations | G37: 5
E40: Concentration _calibration methods | K40: Concentrations relative to P.Elmer instrument data
A41: Sample ID | B41: Raw intensity | C41: Ga_int | E41: Calb_ no "0" intercept | F41: Calb_ "0" intercept | G41: Weighted | H41: Conc_trend | I41: Calb_ P.Elmer | J41: Conc_Uncertainty _P.Elmer | K41: Calb_ no "0" intercept | L41: Calb_ "0" intercept | M41: Weighted | N41: Conc_trend
A42: 7014562 | B42: 308637.76 | C42: 0.89450954 | E42: =((B42-$D$2+249.2)/5415.2)/(C42*100%)*$B$114 -> 3182.7856 | F42: =((B42-$D$2)/5397.3)/(C42*100%)*$B$114 -> 3190.7604 | H42: =TREND($C$2:$C$7,$E$2:$E$7,B42-$D$2)/(C42*100%)*$B$114 -> 3182.6789 | I42: 3223.4654 | J42: 0.011433498 | K42: =100-(I42/E42*100) -> -1.2781205 | L42: =100-(I42/F42*100) -> -1.0249916 | N42: =100-(I42/H42*100) -> -1.2815159
A43: 5018625 | B43: 388599.79 | C43: 0.92222716 | E43: =((B43-$D$2+249.2)/5415.2)/(C43*100%)*$B$114 -> 3887.7005 | F43: =((B43-$D$2)/5397.3)/(C43*100%)*$B$114 -> 3898.0908 | H43: =TREND($C$2:$C$7,$E$2:$E$7,B43-$D$2)/(C43*100%)*$B$114 -> 3887.5667 | I43: 3938.1867 | J43: 0.011128516 | K43: =100-(I43/E43*100) -> -1.2986115 | L43: =100-(I43/F43*100) -> -1.028604 | N43: =100-(I43/H43*100) -> -1.3021001
A44: 5018625 | B44: 383854.46 | C44: 0.91587106 | E44: =((B44-$D$2+249.2)/5415.2)/(C44*100%)*$B$114 -> 3866.8414 | F44: =((B44-$D$2)/5397.3)/(C44*100%)*$B$114 -> 3877.145 | H44: =TREND($C$2:$C$7,$E$2:$E$7,B44-$D$2)/(C44*100%)*$B$114 -> 3866.7084 | I44: 3917.4105 | J44: 0.011681766 | K44: =100-(I44/E44*100) -> -1.3077628 | L44: =100-(I44/F44*100) -> -1.0385336 | N44: =100-(I44/H44*100) -> -1.3112473
A45: 6014755 | B45: 98797.212 | C45: 0.8696988 | E45: =((B45-$D$2+249.2)/5415.2)/(C45*100%)*$B$114 -> 1045.7848 | F45: =((B45-$D$2)/5397.3)/(C45*100%)*$B$114 -> 1046.5987 | H45: =TREND($C$2:$C$7,$E$2:$E$7,B45-$D$2)/(C45*100%)*$B$114 -> 1045.7596 | I45: 1057.0157 | J45: 0.0074816909 | K45: =100-(I45/E45*100) -> -1.0739215 | L45: =100-(I45/F45*100) -> -0.99532221 | N45: =100-(I45/H45*100) -> -1.0763543
A46: 6016405 | B46: 124700.72 | C46: 0.87739605 | E46: =((B46-$D$2+249.2)/5415.2)/(C46*100%)*$B$114 -> 1309.2056 | F46: =((B46-$D$2)/5397.3)/(C46*100%)*$B$114 -> 1310.9164 | H46: =TREND($C$2:$C$7,$E$2:$E$7,B46-$D$2)/(C46*100%)*$B$114 -> 1309.1703 | I46: 1323.9934 | J46: 0.014063789 | K46: =100-(I46/E46*100) -> -1.1295259 | L46: =100-(I46/F46*100) -> -0.9975482 | N46: =100-(I46/H46*100) -> -1.1322526
A47: Blank 3 | B47: 594.51238
A48: 7017480 | B48: 7406.6701 | C48: 0.89502254 | E48: =((B48-$B$47+249.2)/5415.2)/(C48*100%)*$B$114 -> 72.846676 | F48: =((B48-$B$47)/5397.3)/(C48*100%)*$B$114 -> 70.508937 | H48: =TREND($C$2:$C$7,$E$2:$E$7,B48-$D$2)/(C48*100%)*$B$114 -> 73.39974 | I48: 71.097036 | J48: 0.027210962 | K48: =100-(I48/E48*100) -> 2.401812 | L48: =100-(I48/F48*100) -> -0.83407774 | N48: =100-(I48/H48*100) -> 3.1372099
A49: 7017480 | B49: 8147.3236 | C49: 0.88707753 | E49: =((B49-$B$47+249.2)/5415.2)/(C49*100%)*$B$114 -> 81.208314 | F49: =((B49-$B$47)/5397.3)/(C49*100%)*$B$114 -> 78.875204 | H49: =TREND($C$2:$C$7,$E$2:$E$7,B49-$D$2)/(C49*100%)*$B$114 -> 81.766039 | I49: 79.594383 | J49: 0.018561201 | K49: =100-(I49/E49*100) -> 1.9873962 | L49: =100-(I49/F49*100) -> -0.91179345 | N49: =100-(I49/H49*100) -> 2.6559382
A50: 7017979 | B50: 84572.122 | C50: 0.88540087 | E50: =((B50-$B$47+249.2)/5415.2)/(C50*100%)*$B$114 -> 878.34657 | F50: =((B50-$B$47)/5397.3)/(C50*100%)*$B$114 -> 878.65222 | H50: =TREND($C$2:$C$7,$E$2:$E$7,B50-$D$2)/(C50*100%)*$B$114 -> 878.8751 | I50: 887.73969 | J50: 0.0056469631 | K50: =100-(I50/E50*100) -> -1.0694092 | L50: =100-(I50/F50*100) -> -1.034251 | N50: =100-(I50/H50*100) -> -1.0086296
A51: 7017979 | B51: 85643.47 | C51: 0.8830866 | E51: =((B51-$B$47+249.2)/5415.2)/(C51*100%)*$B$114 -> 891.85008 | F51: =((B51-$B$47)/5397.3)/(C51*100%)*$B$114 -> 892.19368 | H51: =TREND($C$2:$C$7,$E$2:$E$7,B51-$D$2)/(C51*100%)*$B$114 -> 892.37957 | I51: 901.44072 | J51: 0.0040426644 | K51: =100-(I51/E51*100) -> -1.0753644 | L51: =100-(I51/F51*100) -> -1.0364384 | N51: =100-(I51/H51*100) -> -1.0153923
A52: 3010112 | B52: 42234.351 | C52: 0.91833585 | E52: =((B52-$B$47+249.2)/5415.2)/(C52*100%)*$B$114 -> 421.16702 | F52: =((B52-$B$47)/5397.3)/(C52*100%)*$B$114 -> 420.04995 | H52: =TREND($C$2:$C$7,$E$2:$E$7,B52-$D$2)/(C52*100%)*$B$114 -> 421.69275 | I52: 424.13441 | J52: 0.0074076969 | K52: =100-(I52/E52*100) -> -0.70456373 | L52: =100-(I52/F52*100) -> -0.97237349 | N52: =100-(I52/H52*100) -> -0.57901401
A53: 3010112 | B53: 86270.995 | C53: 0.90916346 | E53: =((B53-$B$47+249.2)/5415.2)/(C53*100%)*$B$114 -> 872.64283 | F53: =((B53-$B$47)/5397.3)/(C53*100%)*$B$114 -> 872.99771 | H53: =TREND($C$2:$C$7,$E$2:$E$7,B53-$D$2)/(C53*100%)*$B$114 -> 873.15688 | I53: 881.84424 | J53: 0.011573168 | K53: =100-(I53/E53*100) -> -1.0544301 | L53: =100-(I53/F53*100) -> -1.0133505 | N53: =100-(I53/H53*100) -> -0.99493601
A54: 3014819 | B54: 67389.592 | C54: 0.8860236 | E54: =((B54-$B$47+249.2)/5415.2)/(C54*100%)*$B$114 -> 698.66975 | F54: =((B54-$B$47)/5397.3)/(C54*100%)*$B$114 -> 698.38134 | H54: =TREND($C$2:$C$7,$E$2:$E$7,B54-$D$2)/(C54*100%)*$B$114 -> 699.2047 | I54: 705.58186 | J54: 0.006365415 | K54: =100-(I54/E54*100) -> -0.98932525 | L54: =100-(I54/F54*100) -> -1.0310309 | N54: =100-(I54/H54*100) -> -0.91205983
A55: 3014819 | B55: 72160.054 | C55: 0.88359367 | E55: =((B55-$B$47+249.2)/5415.2)/(C55*100%)*$B$114 -> 750.44092 | F55: =((B55-$B$47)/5397.3)/(C55*100%)*$B$114 -> 750.31705 | H55: =TREND($C$2:$C$7,$E$2:$E$7,B55-$D$2)/(C55*100%)*$B$114 -> 750.97545 | I55: 758.09311 | J55: 0.01222963 | K55: =100-(I55/E55*100) -> -1.0196917 | L55: =100-(I55/F55*100) -> -1.0363702 | N55: =100-(I55/H55*100) -> -0.94778782
A56: 3019179 | B56: 127229.41 | C56: 0.88510917 | E56: =((B56-$B$47+249.2)/5415.2)/(C56*100%)*$B$114 -> 1323.6277 | F56: =((B56-$B$47)/5397.3)/(C56*100%)*$B$114 -> 1325.4093 | H56: =TREND($C$2:$C$7,$E$2:$E$7,B56-$D$2)/(C56*100%)*$B$114 -> 1324.1395 | I56: 1339.1338 | J56: 0.0071203533 | K56: =100-(I56/E56*100) -> -1.1714836 | L56: =100-(I56/F56*100) -> -1.0354936 | N56: =100-(I56/H56*100) -> -1.1323788
A57: 3019179 | B57: 251309.07 | C57: 0.88973005 | E57: =((B57-$B$47+249.2)/5415.2)/(C57*100%)*$B$114 -> 2604.4034 | F57: =((B57-$B$47)/5397.3)/(C57*100%)*$B$114 -> 2610.4462 | H57: =TREND($C$2:$C$7,$E$2:$E$7,B57-$D$2)/(C57*100%)*$B$114 -> 2604.8637 | I57: 2637.5366 | J57: 0.0081513714 | K57: =100-(I57/E57*100) -> -1.2721968 | L57: =100-(I57/F57*100) -> -1.0377682 | N57: =100-(I57/H57*100) -> -1.2543026
A58: 5011752 | B58: 30577.443 | C58: 0.88479999 | E58: =((B58-$B$47+249.2)/5415.2)/(C58*100%)*$B$114 -> 315.48532 | F58: =((B58-$B$47)/5397.3)/(C58*100%)*$B$114 -> 313.92248 | H58: =TREND($C$2:$C$7,$E$2:$E$7,B58-$D$2)/(C58*100%)*$B$114 -> 316.03559 | I58: 317.12156 | J58: 0.015148019 | K58: =100-(I58/E58*100) -> -0.51864231 | L58: =100-(I58/F58*100) -> -1.0190655 | N58: =100-(I58/H58*100) -> -0.34362145
A59: 5011752 | B59: 30764.343 | C59: 0.89302681 | E59: =((B59-$B$47+249.2)/5415.2)/(C59*100%)*$B$114 -> 314.51139 | F59: =((B59-$B$47)/5397.3)/(C59*100%)*$B$114 -> 312.96936 | H59: =TREND($C$2:$C$7,$E$2:$E$7,B59-$D$2)/(C59*100%)*$B$114 -> 315.05652 | I59: 316.12935 | J59: 0.014741967 | K59: =100-(I59/E59*100) -> -0.51443448 | L59: =100-(I59/F59*100) -> -1.0096785 | N59: =100-(I59/H59*100) -> -0.34051776
A60: Blank 5 | B60: 506
A61: 6013040 | B61: 88907.57 | C61: 0.93731826 | E61: =((B61-$B$60+251.42)/4809.6)/(C61*100%)*$B$114 -> 983.2577 | F61: =((B61-$B$60)/4791.6)/(C61*100%)*$B$114 -> 984.15238 | H61: =TREND($C$8:$C$13,$E$8:$E$13,B61-$B$60)/(C61*100%)*$B$114 -> 983.18911 | I61: 974.87175 | J61: 0.0077435196 | K61: =100-(I61/E61*100) -> 0.85287395 | L61: =100-(I61/F61*100) -> 0.94300779 | N61: =100-(I61/H61*100) -> 0.84595761
A62: 6013040 | B62: 90408.191 | C62: 0.94466514 | E62: =((B62-$B$60+251.42)/4809.6)/(C62*100%)*$B$114 -> 992.12475 | F62: =((B62-$B$60)/4791.6)/(C62*100%)*$B$114 -> 993.07452 | H62: =TREND($C$8:$C$13,$E$8:$E$13,B62-$B$60)/(C62*100%)*$B$114 -> 992.05503 | I62: 983.6247 | J62: 0.0037230914 | K62: =100-(I62/E62*100) -> 0.85675263 | L62: =100-(I62/F62*100) -> 0.95157189 | N62: =100-(I62/H62*100) -> 0.84978443
A63: 6022995 | B63: 62609.67 | C63: 0.92515257 | E63: =((B63-$B$60+251.42)/4809.6)/(C63*100%)*$B$114 -> 700.67979 | F63: =((B63-$B$60)/4791.6)/(C63*100%)*$B$114 -> 700.47615 | H63: =TREND($C$8:$C$13,$E$8:$E$13,B63-$B$60)/(C63*100%)*$B$114 -> 700.64025 | I63: 693.54349 | J63: 0.0031687283 | K63: =100-(I63/E63*100) -> 1.0184833 | L63: =100-(I63/F63*100) -> 0.98970681 | N63: =100-(I63/H63*100) -> 1.0128973
A64: 6022995 | B64: 59067.121 | C64: 0.94994839 | E64: =((B64-$B$60+251.42)/4809.6)/(C64*100%)*$B$114 -> 643.62214 | F64: =((B64-$B$60)/4791.6)/(C64*100%)*$B$114 -> 643.27817 | H64: =TREND($C$8:$C$13,$E$8:$E$13,B64-$B$60)/(C64*100%)*$B$114 -> 643.58756 | I64: 636.74274 | J64: 0.0069800951 | K64: =100-(I64/E64*100) -> 1.0688572 | L64: =100-(I64/F64*100) -> 1.0159578 | N64: =100-(I64/H64*100) -> 1.0635416
A65: 8022461 | B65: 183868.23 | C65: 0.94365202 | E65: =((B65-$B$60+251.42)/4809.6)/(C65*100%)*$B$114 -> 2022.8055 | F65: =((B65-$B$60)/4791.6)/(C65*100%)*$B$114 -> 2027.6241 | H65: =TREND($C$8:$C$13,$E$8:$E$13,B65-$B$60)/(C65*100%)*$B$114 -> 2022.6314 | I65: 2009.7121 | J65: 0.0053057064 | K65: =100-(I65/E65*100) -> 0.64728995 | L65: =100-(I65/F65*100) -> 0.88339977 | N65: =100-(I65/H65*100) -> 0.638736
A66: 8022461 | B66: 262596.12 | C66: 0.95236856 | E66: =((B66-$B$60+251.42)/4809.6)/(C66*100%)*$B$114 -> 2863.6707 | F66: =((B66-$B$60)/4791.6)/(C66*100%)*$B$114 -> 2871.6735 | H66: =TREND($C$8:$C$13,$E$8:$E$13,B66-$B$60)/(C66*100%)*$B$114 -> 2863.411 | I66: 2846.7161 | J66: 0.0050132517 | K66: =100-(I66/E66*100) -> 0.59205538 | L66: =100-(I66/F66*100) -> 0.86908711 | N66: =100-(I66/H66*100) -> 0.58304162
A67: 5021103 | B67: 13813.927 | C67: 1.0112687 | E67: =((B67-$B$60+251.42)/4809.6)/(C67*100%)*$B$114 -> 139.39052 | F67: =((B67-$B$60)/4791.6)/(C67*100%)*$B$114 -> 137.31984 | H67: =TREND($C$8:$C$13,$E$8:$E$13,B67-$B$60)/(C67*100%)*$B$114 -> 139.40518 | I67: 134.59054 | J67: 0.010786981 | K67: =100-(I67/E67*100) -> 3.4435497 | L67: =100-(I67/F67*100) -> 1.987548 | N67: =100-(I67/H67*100) -> 3.4537044
A68: 5021103 | B68: 12868.546 | C68: 0.9831183 | E68: =((B68-$B$60+251.42)/4809.6)/(C68*100%)*$B$114 -> 133.38497 | F68: =((B68-$B$60)/4791.6)/(C68*100%)*$B$114 -> 131.21744 | H68: =TREND($C$8:$C$13,$E$8:$E$13,B68-$B$60)/(C68*100%)*$B$114 -> 133.40107 | I68: 128.6711 | J68: 0.010806487 | K68: =100-(I68/E68*100) -> 3.5340384 | L68: =100-(I68/F68*100) -> 1.940555 | N68: =100-(I68/H68*100) -> 3.5456763
A69: 6022863 | B69: 35434.148 | C69: 0.91374543 | E69: =((B69-$B$60+251.42)/4809.6)/(C69*100%)*$B$114 -> 400.24538 | F69: =((B69-$B$60)/4791.6)/(C69*100%)*$B$114 -> 398.87773 | H69: =TREND($C$8:$C$13,$E$8:$E$13,B69-$B$60)/(C69*100%)*$B$114 -> 400.23668 | I69: 394.51441 | J69: 0.0104206 | K69: =100-(I69/E69*100) -> 1.4318651 | L69: =100-(I69/F69*100) -> 1.0938994 | N69: =100-(I69/H69*100) -> 1.4297221
A70: 6022863 | B70: 32986.045 | C70: 0.91604508 | E70: =((B70-$B$60+251.42)/4809.6)/(C70*100%)*$B$114 -> 371.45793 | F70: =((B70-$B$60)/4791.6)/(C70*100%)*$B$114 -> 369.98934 | H70: =TREND($C$8:$C$13,$E$8:$E$13,B70-$B$60)/(C70*100%)*$B$114 -> 371.45207 | I70: 365.8679 | J70: 0.00265124 | K70: =100-(I70/E70*100) -> 1.5048883 | L70: =100-(I70/F70*100) -> 1.1139348 | N70: =100-(I70/H70*100) -> 1.5033332
A71: 7016034 | B71: 23755.243 | C71: 0.97019228 | E71: =((B71-$B$60+251.42)/4809.6)/(C71*100%)*$B$114 -> 251.81602 | F71: =((B71-$B$60)/4791.6)/(C71*100%)*$B$114 -> 250.05783 | H71: =TREND($C$8:$C$13,$E$8:$E$13,B71-$B$60)/(C71*100%)*$B$114 -> 251.8205 | I71: 246.59515 | J71: 0.008350926 | K71: =100-(I71/E71*100) -> 2.0732852 | L71: =100-(I71/F71*100) -> 1.3847499 | N71: =100-(I71/H71*100) -> 2.0750299
A72: 7016034 | B72: 22419.83 | C72: 0.95144994 | E72: =((B72-$B$60+251.42)/4809.6)/(C72*100%)*$B$114 -> 242.18528 | F72: =((B72-$B$60)/4791.6)/(C72*100%)*$B$114 -> 240.33764 | H72: =TREND($C$8:$C$13,$E$8:$E$13,B72-$B$60)/(C72*100%)*$B$114 -> 242.19133 | I72: 237.07153 | J72: 0.0030987519 | K72: =100-(I72/E72*100) -> 2.1115012 | L72: =100-(I72/F72*100) -> 1.358967 | N72: =100-(I72/H72*100) -> 2.1139479
A73: Blank 7 | B73: 514
A74: 7013655 | B74: 365716 | C74: 0.94473389 | E74: =((B74-$B$73+251.42)/4809.6)/(C74*100%)*$B$114 -> 4021.4584 | F74: =((B74-$B$73)/4508.9)/(C74*100%)*$B$114 -> 4286.6996 | H74: =TREND($C$2:$C$7,$E$2:$E$7,B74)/(C74*100%)*$B$114 -> 3576.6046 | I74: 3999.575 | J74: 0.0076492797 | K74: =100-(I74/E74*100) -> 0.54416538 | L74: =100-(I74/F74*100) -> 6.6980342 | N74: =100-(I74/H74*100) -> -11.826031
A75: 7013655 | B75: 376930.38 | C75: 0.90647968 | E75: =((B75-$B$73+251.42)/4809.6)/(C75*100%)*$B$114 -> 4319.7784 | F75: =((B75-$B$73)/4508.9)/(C75*100%)*$B$114 -> 4604.7901 | H75: =TREND($C$2:$C$7,$E$2:$E$7,B75)/(C75*100%)*$B$114 -> 3841.7641 | I75: 4296.3 | J75: 0.0077004701 | K75: =100-(I75/E75*100) -> 0.5435097 | L75: =100-(I75/F75*100) -> 6.6993314 | N75: =100-(I75/H75*100) -> -11.831437
A76: 7016050 | B76: 67242.908 | C76: 0.94450543 | E76: =((B76-$B$73+251.42)/4809.6)/(C76*100%)*$B$114 -> 737.23145 | F76: =((B76-$B$73)/4508.9)/(C76*100%)*$B$114 -> 783.4458 | H76: =TREND($C$2:$C$7,$E$2:$E$7,B76)/(C76*100%)*$B$114 -> 659.77576 | I76: 729.95386 | J76: 0.0047909468 | K76: =100-(I76/E76*100) -> 0.98715177 | L76: =100-(I76/F76*100) -> 6.8277785 | N76: =100-(I76/H76*100) -> -10.636659
A77: 7016050 | B77: 64948.848 | C77: 0.93032125 | E77: =((B77-$B$73+251.42)/4809.6)/(C77*100%)*$B$114 -> 722.83671 | F77: =((B77-$B$73)/4508.9)/(C77*100%)*$B$114 -> 768.04607 | H77: =TREND($C$2:$C$7,$E$2:$E$7,B77)/(C77*100%)*$B$114 -> 647.0678 | I77: 715.67957 | J77: 0.0010274629 | K77: =100-(I77/E77*100) -> 0.99014673 | L77: =100-(I77/F77*100) -> 6.8181456 | N77: =100-(I77/H77*100) -> -10.60349
A78: 3015106 | B78: 28444.297 | C78: 0.90751769 | E78: =((B78-$B$73+251.42)/4809.6)/(C78*100%)*$B$114 -> 322.82963 | F78: =((B78-$B$73)/4508.9)/(C78*100%)*$B$114 -> 341.28709 | H78: =TREND($C$2:$C$7,$E$2:$E$7,B78)/(C78*100%)*$B$114 -> 291.93631 | I78: 317.55192 | J78: 0.0097691372 | K78: =100-(I78/E78*100) -> 1.6348304 | L78: =100-(I78/F78*100) -> 6.9546048 | N78: =100-(I78/H78*100) -> -8.7743827
A79: 3015106 | B79: 27075.385 | C79: 0.90819078 | E79: =((B79-$B$73+251.42)/4809.6)/(C79*100%)*$B$114 -> 306.92071 | F79: =((B79-$B$73)/4508.9)/(C79*100%)*$B$114 -> 324.31947 | H79: =TREND($C$2:$C$7,$E$2:$E$7,B79)/(C79*100%)*$B$114 -> 277.8032 | I79: 301.73232 | J79: 0.0012930138 | K79: =100-(I79/E79*100) -> 1.6904677 | L79: =100-(I79/F79*100) -> 6.9644761 | N79: =100-(I79/H79*100) -> -8.6136932
A80: 3017494 | B80: 60560.112 | C80: 0.90554332 | E80: =((B80-$B$73+251.42)/4809.6)/(C80*100%)*$B$114 -> 692.23149 | F80: =((B80-$B$73)/4508.9)/(C80*100%)*$B$114 -> 735.31777 | H80: =TREND($C$2:$C$7,$E$2:$E$7,B80)/(C80*100%)*$B$114 -> 620.02564 | I80: 685.29548 | J80: 0.0052537437 | K80: =100-(I80/E80*100) -> 1.0019783 | L80: =100-(I80/F80*100) -> 6.8028127 | N80: =100-(I80/H80*100) -> -10.526958
A81: 3017494 | B81: 62164.98 | C81: 0.91546457 | E81: =((B81-$B$73+251.42)/4809.6)/(C81*100%)*$B$114 -> 702.95414 | F81: =((B81-$B$73)/4508.9)/(C81*100%)*$B$114 -> 746.78888 | H81: =TREND($C$2:$C$7,$E$2:$E$7,B81)/(C81*100%)*$B$114 -> 629.49207 | I81: 695.9479 | J81: 0.004546894 | K81: =100-(I81/E81*100) -> 0.99668414 | L81: =100-(I81/F81*100) -> 6.8079452 | N81: =100-(I81/H81*100) -> -10.557056
A82: 3014967 | B82: 63466.684 | C82: 0.89249327 | E82: =((B82-$B$73+251.42)/4809.6)/(C82*100%)*$B$114 -> 736.20943 | F82: =((B82-$B$73)/4508.9)/(C82*100%)*$B$114 -> 782.1836 | H82: =TREND($C$2:$C$7,$E$2:$E$7,B82)/(C82*100%)*$B$114 -> 659.1604 | I82: 729.11052 | J82: 0.0051333398 | K82: =100-(I82/E82*100) -> 0.96425228 | L82: =100-(I82/F82*100) -> 6.7852461 | N82: =100-(I82/H82*100) -> -10.612002
A83: 3014967 | B83: 61765.506 | C83: 0.89966468 | E83: =((B83-$B$73+251.42)/4809.6)/(C83*100%)*$B$114 -> 710.68337 | F83: =((B83-$B$73)/4508.9)/(C83*100%)*$B$114 -> 754.98009 | H83: =TREND($C$2:$C$7,$E$2:$E$7,B83)/(C83*100%)*$B$114 -> 636.44755 | I83: 703.80047 | J83: 0.0094933895 | K83: =100-(I83/E83*100) -> 0.96848998 | L83: =100-(I83/F83*100) -> 6.7789367 | N83: =100-(I83/H83*100) -> -10.582635
A84: 3016170 | B84: 53307.532 | C84: 0.90259281 | E84: =((B84-$B$73+251.42)/4809.6)/(C84*100%)*$B$114 -> 610.96065 | F84: =((B84-$B$73)/4508.9)/(C84*100%)*$B$114 -> 648.61689 | H84: =TREND($C$2:$C$7,$E$2:$E$7,B84)/(C84*100%)*$B$114 -> 547.86344 | I84: 604.43074 | J84: 0.013130486 | K84: =100-(I84/E84*100) -> 1.068793 | L84: =100-(I84/F84*100) -> 6.812364 | N84: =100-(I84/H84*100) -> -10.325075
A85: 3016170 | B85: 53714.056 | C85: 0.90353029 | E85: =((B85-$B$73+251.42)/4809.6)/(C85*100%)*$B$114 -> 615.00412 | F85: =((B85-$B$73)/4508.9)/(C85*100%)*$B$114 -> 652.93322 | H85: =TREND($C$2:$C$7,$E$2:$E$7,B85)/(C85*100%)*$B$114 -> 551.44913 | I85: 608.45826 | J85: 0.0079771951 | K85: =100-(I85/E85*100) -> 1.0643605 | L85: =100-(I85/F85*100) -> 6.8115641 | N85: =100-(I85/H85*100) -> -10.338058
A87: Blank 9 | B87: 2425.206
A88: 3021530 | B88: 14.750008 | C88: 0.00010868898 | E88: =((B88-$D$8+251.42)/4809.6)/(C88*100%)*$B$114 -> -42834.007 | F88: =((B88-$B$87)/4508.9)/(C88*100%)*$B$114 -> -245930.89 | H88: =TREND($C$14:$C$19,$E$14:$E$19,B88-$B$87)/(C88*100%)*$B$114 -> -238002.57 | I88: 1563.4975
A89: 3021530 | B89: 20033.043 | C89: 0.98753644 | E89: =((B89-$B$87+73.638)/4514.2)/(C89*100%)*$B$114 -> 198.31455 | F89: =((B89-$B$87)/4508.9)/(C89*100%)*$B$114 -> 197.72077 | H89: =TREND($C$14:$C$19,$E$14:$E$19,B89-$B$87)/(C89*100%)*$B$114 -> 198.32074 | I89: 219.23598 | J89: 0.022059397 | K89: =100-(I89/E89*100) -> -10.549617 | L89: =100-(I89/F89*100) -> -10.881612 | N89: =100-(I89/H89*100) -> -10.546167
A90: 4010272 | B90: 98796.986 | C90: 0.9077999 | E90: =((B90-$B$87+73.638)/4514.2)/(C90*100%)*$B$114 -> 1176.7404 | F90: =((B90-$B$87)/4508.9)/(C90*100%)*$B$114 -> 1177.2241 | H90: =TREND($C$14:$C$19,$E$14:$E$19,B90-$B$87)/(C90*100%)*$B$114 -> 1176.7099 | I90: 1208.3945 | J90: 0.01338665 | K90: =100-(I90/E90*100) -> -2.689981 | L90: =100-(I90/F90*100) -> -2.6477891 | N90: =100-(I90/H90*100) -> -2.6926467
A91: 4010272 | B91: 105346.82 | C91: 0.89331259 | E91: =((B91-$B$87+73.638)/4514.2)/(C91*100%)*$B$114 -> 1277.0354 | F91: =((B91-$B$87)/4508.9)/(C91*100%)*$B$114 -> 1277.6224 | H91: =TREND($C$14:$C$19,$E$14:$E$19,B91-$B$87)/(C91*100%)*$B$114 -> 1277.0013 | I91: 1309.7839 | J91: 0.011663548 | K91: =100-(I91/E91*100) -> -2.5644109 | L91: =100-(I91/F91*100) -> -2.5172891 | N91: =100-(I91/H91*100) -> -2.567157
A92: 5012473 | B92: 53821.709 | C92: 0.87172988 | E92: =((B92-$B$87+73.638)/4514.2)/(C92*100%)*$B$114 -> 653.97724 | F92: =((B92-$B$87)/4508.9)/(C92*100%)*$B$114 -> 653.80922 | H92: =TREND($C$14:$C$19,$E$14:$E$19,B92-$B$87)/(C92*100%)*$B$114 -> 653.9676 | I92: 682.3103 | J92: 0.012349382 | K92: =100-(I92/E92*100) -> -4.3324229 | L92: =100-(I92/F92*100) -> -4.3592351 | N92: =100-(I92/H92*100) -> -4.3339612
A93: 5012473 | B93: 54915.857 | C93: 0.88427874 | E93: =((B93-$B$87+73.638)/4514.2)/(C93*100%)*$B$114 -> 658.40151 | F93: =((B93-$B$87)/4508.9)/(C93*100%)*$B$114 -> 658.25199 | H93: =TREND($C$14:$C$19,$E$14:$E$19,B93-$B$87)/(C93*100%)*$B$114 -> 658.39148 | I93: 686.25594 | J93: 0.0034012726 | K93: =100-(I93/E93*100) -> -4.2306138 | L93: =100-(I93/F93*100) -> -4.2542907 | N93: =100-(I93/H93*100) -> -4.2322028
A94: 5019737 | B94: 10424.303 | C94: 0.93897364 | E94: =((B94-$B$87+73.638)/4514.2)/(C94*100%)*$B$114 -> 95.226205 | F94: =((B94-$B$87)/4508.9)/(C94*100%)*$B$114 -> 94.468482 | H94: =TREND($C$14:$C$19,$E$14:$E$19,B94-$B$87)/(C94*100%)*$B$114 -> 95.237111 | I94: 116.68978 | J94: 0.014725606 | K94: =100-(I94/E94*100) -> -22.539567 | L94: =100-(I94/F94*100) -> -23.522446 | N94: =100-(I94/H94*100) -> -22.525535
A95: 5019737 | B95: 10253.429 | C95: 0.93949448 | E95: =((B95-$B$87+73.638)/4514.2)/(C95*100%)*$B$114 -> 93.158899 | F95: =((B95-$B$87)/4508.9)/(C95*100%)*$B$114 -> 92.399228 | H95: =TREND($C$14:$C$19,$E$14:$E$19,B95-$B$87)/(C95*100%)*$B$114 -> 93.169877 | I95: 114.58947 | J95: 0.0084448382 | K95: =100-(I95/E95*100) -> -23.00432 | L95: =100-(I95/F95*100) -> -24.015614 | N95: =100-(I95/H95*100) -> -22.989826
A96: 5022428 | B96: 25117.313 | C96: 0.87782467 | E96: =((B96-$B$87+73.638)/4514.2)/(C96*100%)*$B$114 -> 287.25215 | F96: =((B96-$B$87)/4508.9)/(C96*100%)*$B$114 -> 286.65956 | H96: =TREND($C$14:$C$19,$E$14:$E$19,B96-$B$87)/(C96*100%)*$B$114 -> 287.25662 | I96: 312.27774 | J96: 0.010157516 | K96: =100-(I96/E96*100) -> -8.7120641 | L96: =100-(I96/F96*100) -> -8.9367948 | N96: =100-(I96/H96*100) -> -8.7103709
A97: 5022428 | B97: 25572.873 | C97: 0.87808575 | E97: =((B97-$B$87+73.638)/4514.2)/(C97*100%)*$B$114 -> 292.91318 | F97: =((B97-$B$87)/4508.9)/(C97*100%)*$B$114 -> 292.32752 | H97: =TREND($C$14:$C$19,$E$14:$E$19,B97-$B$87)/(C97*100%)*$B$114 -> 292.91742 | I97: 317.94839 | J97: 0.004355898 | K97: =100-(I97/E97*100) -> -8.546976 | L97: =100-(I97/F97*100) -> -8.7644411 | N97: =100-(I97/H97*100) -> -8.5454011
A98: 6012213 | B98: 70861.393 | C98: 0.86684958 | E98: =((B98-$B$87+73.638)/4514.2)/(C98*100%)*$B$114 -> 875.38343 | F98: =((B98-$B$87)/4508.9)/(C98*100%)*$B$114 -> 875.47039 | H98: =TREND($C$14:$C$19,$E$14:$E$19,B98-$B$87)/(C98*100%)*$B$114 -> 875.36529 | I98: 905.6949 | J98: 0.0070398416 | K98: =100-(I98/E98*100) -> -3.4626508 | L98: =100-(I98/F98*100) -> -3.4523743 | N98: =100-(I98/H98*100) -> -3.4647951
A99: 6012213 | B99: 70126.211 | C99: 0.88195977 | E99: =((B99-$B$87+73.638)/4514.2)/(C99*100%)*$B$114 -> 851.15307 | F99: =((B99-$B$87)/4508.9)/(C99*100%)*$B$114 -> 851.22768 | H99: =TREND($C$14:$C$19,$E$14:$E$19,B99-$B$87)/(C99*100%)*$B$114 -> 851.13559 | I99: 880.69316 | J99: 0.0075412382 | K99: =100-(I99/E99*100) -> -3.4705974 | L99: =100-(I99/F99*100) -> -3.4615276 | N99: =100-(I99/H99*100) -> -3.4727216
A100: Blank 11 | B100: 412
A101: 6017142 | B101: 49687.799 | C101: 0.89380871 | E101: =((B101-$B$100+73.638)/4514.2)/(C101*100%)*$B$114 -> 611.54276 | F101: =((B101-$B$87)/4508.9)/(C101*100%)*$B$114 -> 586.37084 | H101: =TREND($C$14:$C$19,$E$14:$E$19,B101-$B$87-$B$100)/(C101*100%)*$B$114 -> 581.48216 | I101: 613.51333 | J101: 0.006871968 | K101: =100-(I101/E101*100) -> -0.32222953 | L101: =100-(I101/F101*100) -> -4.6288952 | N101: =100-(I101/H101*100) -> -5.508538
A102: 6017142 | B102: 55280.775 | C102: 0.89563464 | E102: =((B102-$B$100+73.638)/4514.2)/(C102*100%)*$B$114 -> 679.46338 | F102: =((B102-$B$87)/4508.9)/(C102*100%)*$B$114 -> 654.42408 | H102: =TREND($C$14:$C$19,$E$14:$E$19,B102-$B$87-$B$100)/(C102*100%)*$B$114 -> 649.46139 | I102: 681.97355 | J102: 0.0074455025 | K102: =100-(I102/E102*100) -> -0.36943484 | L102: =100-(I102/F102*100) -> -4.209728 | N102: =100-(I102/H102*100) -> -5.0060201
A103: 6022103 | B103: 43062.31 | C103: 0.85856798 | E103: =((B103-$B$100+73.638)/4514.2)/(C103*100%)*$B$114 -> 551.17041 | F103: =((B103-$B$87)/4508.9)/(C103*100%)*$B$114 -> 524.86482 | H103: =TREND($C$14:$C$19,$E$14:$E$19,B103-$B$87-$B$100)/(C103*100%)*$B$114 -> 519.87927 | I103: 552.84777 | J103: 0.0051283291 | K103: =100-(I103/E103*100) -> -0.30432705 | L103: =100-(I103/F103*100) -> -5.3314598 | N103: =100-(I103/H103*100) -> -6.3415694
...

Sheet copper_Cu
A1: Date | B1: No_cal | C1: Std_conc (ppb) | D1: Cu65 (cps) | E1: Cu65 (BLK corrected) | F1: SUMMARY OUTPUT | H1: ANOVA
A2: 43838 | B2: 1 | C2: 0 | D2: 542 | E2: =D2-$D$2 -> 0 | F2: Regression Statistics | I2: df | J2: SS | K2: MS | L2: F | M2: Significance F | O2: Coefficients | P2: SE | Q2: SD | R2: t Stat | S2: P-value | T2: Lower 95% | U2: Upper 95% | V2: Lower 95.0% | W2: Upper 95.0% | X2: LOD (µg/L) | Y2: LOQ (µg/L)
A3: 43838 | B3: 1 | C3: 0.25 | D3: 5778 | E3: =D3-$D$2 -> 5236 | F3: Multiple R | G3: 0.9999825 | H3: Regression | I3: 1 | J3: 7.0935443e+09 | K3: 7.0935443e+09 | L3: 85727.159 | M3: 8.7856695e-08 | N3: Intercept | O3: -358.72139 | P3: 190.69386 | Q3: =P3*SQRT(G7) -> 426.40443 | R3: -1.8811376 | S3: 0.15651893 | T3: -965.59436 | U3: 248.15157 | V3: -965.59436 | W3: 248.15157 | X3: =3.3*Q3/O4 -> 0.064868323 | Y3: =10*Q3/O4 -> 0.19657067
A4: 43838 | B4: 1 | C4: 0.5 | D4: 11162 | E4: =D4-$D$2 -> 10620 | F4: R Square | G4: 0.99996501 | H4: Residual | I4: 3 | J4: 248236.77 | K4: 82745.59 | N4: X Variable 1 | O4: 21692.169 | P4: 74.0873 | R4: 292.79201 | S4: 8.7856695e-08 | T4: 21456.39 | U4: 21927.948 | V4: 21456.39 | W4: 21927.948
A5: 43838 | B5: 1 | C5: 1.25 | D5: 27177 | E5: =D5-$D$2 -> 26635 | F5: Adjusted R Square | G5: 0.99995334 | H5: Total | I5: 4 | J5: 7.0937925e+09
A6: 43838 | B6: 1 | C6: 2.5 | D6: 54031 | E6: =D6-$D$2 -> 53489 | F6: Standard Error | G6: 287.65533
A7: 43838 | B7: 1 | C7: 5 | D7: 108844 | E7: =D7-$D$2 -> 108302 | F7: Observations | G7: 5
A8: 43838 | B8: 2 | C8: 0 | D8: 714 | E8: =D8-$D$8 -> 0 | F8: Regression Statistics | I8: df | J8: SS | K8: MS | L8: F | M8: Significance F | O8: Coefficients | P8: SE | Q8: SD | R8: t Stat | S8: P-value | T8: Lower 95% | U8: Upper 95% | V8: Lower 95.0% | W8: Upper 95.0%
A9: 43838 | B9: 2 | C9: 0.25 | D9: 5265 | E9: =D9-$D$8 -> 4551 | F9: Multiple R | G9: 0.99995316 | H9: Regression | I9: 1 | J9: 5.5979996e+09 | K9: 5.5979996e+09 | L9: 32018.965 | M9: 3.8486728e-07 | N9: Intercept | O9: -361.91045 | P9: 277.18969 | Q9: =P9*SQRT(G13) -> 619.81498 | R9: -1.3056418 | S9: 0.28277587 | T9: -1244.0517 | U9: 520.23085 | V9: -1244.0517 | W9: 520.23085 | X9: =3.3*Q9/O10 -> 0.10614224 | Y9: =10*Q9/O10 -> 0.32164314
A10: 43838 | B10: 2 | C10: 0.5 | D10: 10120 | E10: =D10-$D$8 -> 9406 | F10: R Square | G10: 0.99990631 | H10: Residual | I10: 3 | J10: 524501.61 | K10: 174833.87 | N10: X Variable 1 | O10: 19270.269 | P10: 107.69217 | R10: 178.93844 | S10: 3.8486728e-07 | T10: 18927.544 | U10: 19612.993 | V10: 18927.544 | W10: 19612.993
A11: 43838 | B11: 2 | C11: 1.25 | D11: 24585 | E11: =D11-$D$8 -> 23871 | F11: Adjusted R Square | G11: 0.99987509 | H11: Total | I11: 4 | J11: 5.5985241e+09
A12: 43838 | B12: 2 | C12: 2.5 | D12: 47890 | E12: =D12-$D$8 -> 47176 | F12: Standard Error | G12: 418.1314
A13: 43838 | B13: 2 | C13: 5 | D13: 96968 | E13: =D13-$D$8 -> 96254 | F13: Observations | G13: 5
A14: 43838 | B14: 3 | C14: 0 | D14: 679 | E14: =D14-$D$14 -> 0 | F14: Regression Statistics | I14: df | J14: SS | K14: MS | L14: F | M14: Significance F | O14: Coefficients | P14: SE | Q14: SD | R14: t Stat | S14: P-value | T14: Lower 95% | U14: Upper 95% | V14: Lower 95.0% | W14: Upper 95.0%
A15: 43838 | B15: 3 | C15: 0.25 | D15: 5019 | E15: =D15-$D$14 -> 4340 | F15: Multiple R | G15: 0.99997486 | H15: Regression | I15: 1 | J15: 4.9201839e+09 | K15: 4.9201839e+09 | L15: 59663.543 | M15: 1.5131465e-07 | N15: Intercept | O15: -106 | P15: 190.37084 | Q15: =P15*SQRT(G19) -> 425.68214 | R15: -0.55680796 | S15: 0.61649953 | T15: -711.84498 | U15: 499.84498 | V15: -711.84498 | W15: 499.84498 | X15: =3.3*Q15/O16 -> 0.077756618 | Y15: =10*Q15/O16 -> 0.23562612
A16: 43838 | B16: 3 | C16: 0.5 | D16: 9565 | E16: =D16-$D$14 -> 8886 | F16: R Square | G16: 0.99994972 | H16: Residual | I16: 3 | J16: 247396.5 | K16: 82465.5 | N16: X Variable 1 | O16: 18066 | P16: 73.961803 | R16: 244.26122 | S16: 1.5131465e-07 | T16: 17830.621 | U16: 18301.379 | V16: 17830.621 | W16: 18301.379
A17: 43838 | B17: 3 | C17: 1.25 | D17: 23512 | E17: =D17-$D$14 -> 22833 | F17: Adjusted R Square | G17: 0.99993296 | H17: Total | I17: 4 | J17: 4.9204313e+09
A18: 43838 | B18: 3 | C18: 2.5 | D18: 45411 | E18: =D18-$D$14 -> 44732 | F18: Standard Error | G18: 287.16807
A19: 43838 | B19: 3 | C19: 5 | D19: 90985 | E19: =D19-$D$14 -> 90306 | F19: Observations | G19: 5
A20: 43789 | B20: 1 | C20: 0 | D20: 85.250256 | E20: =D20-$D$20 -> 0 | F20: Regression Statistics | I20: df | J20: SS | K20: MS | L20: F | M20: Significance F | O20: Coefficients | P20: SE | Q20: SD | R20: t Stat | S20: P-value | T20: Lower 95% | U20: Upper 95% | V20: Lower 95.0% | W20: Upper 95.0%
A21: 43789 | B21: 1 | C21: 0.25 | D21: 2015.8922 | E21: =D21-$D$20 -> 1930.642 | F21: Multiple R | G21: 0.99988705 | H21: Regression | I21: 1 | J21: 7.7822222e+08 | K21: 7.7822222e+08 | L21: 13278.227 | M21: 1.44093e-06 | N21: Intercept | O21: 338.03793 | P21: 160.48929 | Q21: =P21*SQRT(G25) -> 358.86496 | R21: 2.1062959 | S21: 0.1258093 | T21: -172.71061 | U21: 848.78648 | V21: -172.71061 | W21: 848.78648 | X21: =3.3*Q21/O22 -> 0.16482453 | Y21: =10*Q21/O22 -> 0.49946827
A22: 43789 | B22: 1 | C22: 0.5 | D22: 3924.289 | E22: =D22-$D$20 -> 3839.0387 | F22: R Square | G22: 0.99977412 | H22: Residual | I22: 3 | J22: 175826.69 | K22: 58608.896 | N22: X Variable 1 | O22: 7184.9401 | P22: 62.352391 | R22: 115.23119 | S22: 1.44093e-06 | T22: 6986.507 | U22: 7383.3732 | V22: 6986.507 | W22: 7383.3732
A23: 43789 | B23: 1 | C23: 1.25 | D23: 9607.9804 | E23: =D23-$D$20 -> 9522.7301 | F23: Adjusted R Square | G23: 0.99969882 | H23: Total | I23: 4 | J23: 7.7839804e+08
A24: 43789 | B24: 1 | C24: 2.5 | D24: 18631.906 | E24: =D24-$D$20 -> 18546.656 | F24: Standard Error | G24: 242.09274
A25: 43789 | B25: 1 | C25: 5 | D25: 36193.304 | E25: =D25-$D$20 -> 36108.054 | F25: Observations | G25: 5
A26: 43888 | B26: 1 | C26: 0 | D26: 113.00045 | E26: =D26-$D$26 -> 0 | F26: Regression Statistics | I26: df | J26: SS | K26: MS | L26: F | M26: Significance F | O26: Coefficients | P26: SE | Q26: SD | R26: t Stat | S26: P-value | T26: Lower 95% | U26: Upper 95% | V26: Lower 95.0% | W26: Upper 95.0%
A27: 43888 | B27: 1 | C27: 0.25 | D27: 2734.2618 | E27: =D27-$D$26 -> 2621.2613 | F27: Multiple R | G27: 0.99996383 | H27: Regression | I27: 1 | J27: 1.8547388e+09 | K27: 1.8547388e+09 | L27: 41470.799 | M27: 2.6110756e-07 | N27: Intercept | O27: -260.42046 | P27: 140.19562 | Q27: =P27*SQRT(G31) -> 313.48695 | R27: -1.8575505 | S27: 0.16021888 | T27: -706.58551 | U27: 185.74459 | V27: -706.58551 | W27: 185.74459 | X27: =3.3*Q27/O28 -> 0.093265427 | Y27: =10*Q27/O28 -> 0.28262251
A28: 43888 | B28: 1 | C28: 0.5 | D28: 5449.54 | E28: =D28-$D$26 -> 5336.5396 | F28: R Square | G28: 0.99992767 | H28: Residual | I28: 3 | J28: 134171.91 | K28: 44723.971 | N28: X Variable 1 | O28: 11092.073 | P28: 54.468011 | R28: 203.6438 | S28: 2.6110756e-07 | T28: 10918.731 | U28: 11265.415 | V28: 10918.731 | W28: 11265.415
A29: 43888 | B29: 1 | C29: 1.25 | D29: 13728.595 | E29: =D29-$D$26 -> 13615.595 | F29: Adjusted R Square | G29: 0.99990355 | H29: Total | I29: 4 | J29: 1.854873e+09
A30: 43888 | B30: 1 | C30: 2.5 | D30: 27268.253 | E30: =D30-$D$26 -> 27155.253 | F30: Standard Error | G30: 211.48043
A31: 43888 | B31: 1 | C31: 5 | D31: 55456.943 | E31: =D31-$D$26 -> 55343.943 | F31: Observations | G31: 5
A32: 43888 | B32: 2 | C32: 0 | D32: 161.25091 | E32: =D32-$D$32 -> 0 | F32: Regression Statistics | I32: df | J32: SS | K32: MS | L32: F | M32: Significance F | O32: Coefficients | P32: SE | Q32: SD | R32: t Stat | S32: P-value | T32: Lower 95% | U32: Upper 95% | V32: Lower 95.0% | W32: Upper 95.0%
A33: 43888 | B33: 2 | C33: 0.25 | D33: 2444.9594 | E33: =D33-$D$32 -> 2283.7085 | F33: Multiple R | G33: 0.99999394 | H33: Regression | I33: 1 | J33: 1.3525619e+09 | K33: 1.3525619e+09 | L33: 247526.41 | M33: 1.7907383e-08 | N33: Intercept | O33: -31.800456 | P33: 49.004064 | Q33: =P33*SQRT(G37) -> 109.57642 | R33: -0.64893507 | S33: 0.56262988 | T33: -187.75326 | U33: 124.15235 | V33: -187.75326 | W33: 124.15235 | X33: =3.3*Q33/O34 -> 0.038175182 | Y33: =10*Q33/O34 -> 0.11568237
A34: 43888 | B34: 2 | C34: 0.5 | D34: 4824.3146 | E34: =D34-$D$32 -> 4663.0637 | F34: R Square | G34: 0.99998788 | H34: Residual | I34: 3 | J34: 16392.941 | K34: 5464.3138 | N34: X Variable 1 | O34: 9472.1795 | P34: 19.038782 | R34: 497.52026 | S34: 1.7907383e-08 | T34: 9411.5896 | U34: 9532.7694 | V34: 9411.5896 | W34: 9532.7694
A35: 43888 | B35: 2 | C35: 1.25 | D35: 12037.821 | E35: =D35-$D$32 -> 11876.57 | F35: Adjusted R Square | G35: 0.99998384 | H35: Total | I35: 4 | J35: 1.3525783e+09
A36: 43888 | B36: 2 | C36: 2.5 | D36: 23881.704 | E36: =D36-$D$32 -> 23720.453 | F36: Standard Error | G36: 73.920997
A37: 43888 | B37: 2 | C37: 5 | D37: 47444.158 | E37: =D37-$D$32 -> 47282.908 | F37: Observations | G37: 5

Sheet strontium_Sr
A1: Date | B1: No_cal | C1: Std_conc (ppb) | D1: Sr87 (cps) | E1: Sr87 (BLK corrected) | F1: SUMMARY OUTPUT | H1: ANOVA
A2: 43838 | B2: 1 | C2: 0 | D2: 139.75069 | E2: =D2-$D$2 -> 0 | F2: Regression Statistics | I2: df | J2: SS | K2: MS | L2: F | M2: Significance F | O2: Coefficients | P2: SE | Q2: SD | R2: t Stat | S2: P-value | T2: Lower 95% | U2: Upper 95% | V2: Lower 95.0% | W2: Upper 95.0% | X2: LOD (µg/L) | Y2: LOQ (µg/L)
A3: 43838 | B3: 1 | C3: 0.25 | D3: 14178.286 | E3: =D3-$D$2 -> 14038.535 | F3: Multiple R | G3: 0.99997809 | H3: Regression | I3: 1 | J3: 5.3798324e+10 | K3: 5.3798324e+10 | L3: 68467.329 | M3: 1.2309002e-07 | N3: Intercept | O3: -1473.226 | P3: 587.63406 | Q3: =P3*SQRT(G7) -> 1313.9897 | R3: -2.5070467 | S3: 0.087163846 | T3: -3343.3399 | U3: 396.88782 | V3: -3343.3399 | W3: 396.88782 | X3: =3.3*Q3/O4 -> 0.072585553 | Y3: =10*Q3/O4 -> 0.21995622
A4: 43838 | B4: 1 | C4: 0.5 | D4: 29070.555 | E4: =D4-$D$2 -> 28930.804 | F4: R Square | G4: 0.99995619 | H4: Residual | I4: 3 | J4: 2357255.3 | K4: 785751.75 | N4: X Variable 1 | O4: 59738.692 | P4: 228.30426 | R4: 261.66263 | S4: 1.2309002e-07 | T4: 59012.126 | U4: 60465.258 | V4: 59012.126 | W4: 60465.258
A5: 43838 | B5: 1 | C5: 1.25 | D5: 72576.953 | E5: =D5-$D$2 -> 72437.202 | F5: Adjusted R Square | G5: 0.99994158 | H5: Total | I5: 4 | J5: 5.3800681e+10
A6: 43838 | B6: 1 | C6: 2.5 | D6: 147098.76 | E6: =D6-$D$2 -> 146959.01 | F6: Standard Error | G6: 886.42639
A7: 43838 | B7: 1 | C7: 5 | D7: 297925.64 | E7: =D7-$D$2 -> 297785.89 | F7: Observations | G7: 5
A8: 43838 | B8: 2 | C8: 0 | D8: 186.00122 | E8: =D8-$D$8 -> 0 | F8: Regression Statistics | I8: df | J8: SS | K8: MS | L8: F | M8: Significance F | O8: Coefficients | P8: SE | Q8: SD | R8: t Stat | S8: P-value | T8: Lower 95% | U8: Upper 95% | V8: Lower 95.0% | W8: Upper 95.0%
A9: 43838 | B9: 2 | C9: 0.25 | D9: 12956.123 | E9: =D9-$D$8 -> 12770.122 | F9: Multiple R | G9: 0.99998861 | H9: Regression | I9: 1 | J9: 4.1650607e+10 | K9: 4.1650607e+10 | L9: 131737.08 | M9: 4.6120801e-08 | N9: Intercept | O9: -472.52527 | P9: 372.75282 | Q9: =P9*SQRT(G13) -> 833.50064 | R9: -1.2676638 | S9: 0.29436955 | T9: -1658.7911 | U9: 713.74056 | V9: -1658.7911 | W9: 713.74056 | X9: =3.3*Q9/O10 -> 0.05232845 | Y9: =10*Q9/O10 -> 0.15857106
A10: 43838 | B10: 2 | C10: 0.5 | D10: 25817.314 | E10: =D10-$D$8 -> 25631.312 | F10: R Square | G10: 0.99997723 | H10: Residual | I10: 3 | J10: 948493.95 | K10: 316164.65 | N10: X Variable 1 | O10: 52563.225 | P10: 144.81982 | R10: 362.95603 | S10: 4.6120801e-08 | T10: 52102.344 | U10: 53024.107 | V10: 52102.344 | W10: 53024.107
A11: 43838 | B11: 2 | C11: 1.25 | D11: 65986.367 | E11: =D11-$D$8 -> 65800.366 | F11: Adjusted R Square | G11: 0.99996964 | H11: Total | I11: 4 | J11: 4.1651556e+10
A12: 43838 | B12: 2 | C12: 2.5 | D12: 130394.75 | E12: =D12-$D$8 -> 130208.75 | F12: Standard Error | G12: 562.2852
A13: 43838 | B13: 2 | C13: 5 | D13: 262763.47 | E13: =D13-$D$8 -> 262577.47 | F13: Observations | G13: 5
A14: 43838 | B14: 3 | C14: 0 | D14: 255.7523 | E14: =D14-$D$14 -> 0 | F14: Regression Statistics | I14: df | J14: SS | K14: MS | L14: F | M14: Significance F | O14: Coefficients | P14: SE | Q14: SD | R14: t Stat | S14: P-value | T14: Lower 95% | U14: Upper 95% | V14: Lower 95.0% | W14: Upper 95.0%
A15: 43838 | B15: 3 | C15: 0.25 | D15: 12306.299 | E15: =D15-$D$14 -> 12050.546 | F15: Multiple R | G15: 0.99998939 | H15: Regression | I15: 1 | J15: 3.7143856e+10 | K15: 3.7143856e+10 | L15: 141332.33 | M15: 4.1504713e-08 | N15: Intercept | O15: 34.04914 | P15: 339.8498 | Q15: =P15*SQRT(G19) -> 759.92725 | R15: 0.10018879 | S15: 0.92651449 | T15: -1047.5046 | U15: 1115.6029 | V15: -1047.5046 | W15: 1115.6029 | X15: =3.3*Q15/O16 -> 0.050520906 | Y15: =10*Q15/O16 -> 0.15309365
A16: 43838 | B16: 3 | C16: 0.5 | D16: 24860.864 | E16: =D16-$D$14 -> 24605.112 | F16: R Square | G16: 0.99997877 | H16: Residual | I16: 3 | J16: 788436.5 | K16: 262812.17 | N16: X Variable 1 | O16: 49638.064 | P16: 132.03652 | R16: 375.94192 | S16: 4.1504713e-08 | T16: 49217.864 | U16: 50058.263 | V16: 49217.864 | W16: 50058.263
A17: 43838 | B17: 3 | C17: 1.25 | D17: 63062.134 | E17: =D17-$D$14 -> 62806.382 | F17: Adjusted R Square | G17: 0.9999717 | H17: Total | I17: 4 | J17: 3.7144644e+10
A18: 43838 | B18: 3 | C18: 2.5 | D18: 124490.91 | E18: =D18-$D$14 -> 124235.16 | F18: Standard Error | G18: 512.65209
A19: 43838 | B19: 3 | C19: 5 | D19: 248290.4 | E19: =D19-$D$14 -> 248034.65 | F19: Observations | G19: 5
A20: 43789 | B20: 1 | C20: 0 | D20: 95.750322 | E20: =D20-$D$20 -> 0 | F20: Regression Statistics | I20: df | J20: SS | K20: MS | L20: F | M20: Significance F | O20: Coefficients | P20: SE | Q20: SD | R20: t Stat | S20: P-value | T20: Lower 95% | U20: Upper 95% | V20: Lower 95.0% | W20: Upper 95.0%
A21: 43789 | B21: 1 | C21: 0.25 | D21: 12118.14 | E21: =D21-$D$20 -> 12022.389 | F21: Multiple R | G21: 0.99977858 | H21: Regression | I21: 1 | J21: 2.828146e+10 | K21: 2.828146e+10 | L21: 6772.3079 | M21: 3.9548944e-06 | N21: Intercept | O21: 2851.0626 | P21: 1354.7116 | Q21: =P21*SQRT(G25) -> 3029.2272 | R21: 2.1045532 | S21: 0.126018 | T21: -1460.2343 | U21: 7162.3595 | V21: -1460.2343 | W21: 7162.3595 | X21: =3.3*Q21/O22 -> 0.23079348 | Y21: =10*Q21/O22 -> 0.69937418
A22: 43789 | B22: 1 | C22: 0.5 | D22: 23733.453 | E22: =D22-$D$20 -> 23637.702 | F22: R Square | G22: 0.99955722 | H22: Residual | I22: 3 | J22: 12528134 | K22: 4176044.6 | N22: X Variable 1 | O22: 43313.398 | P22: 526.32489 | R22: 82.294033 | S22: 3.9548944e-06 | T22: 41638.397 | U22: 44988.398 | V22: 41638.397 | W22: 44988.398
A23: 43789 | B23: 1 | C23: 1.25 | D23: 58870.094 | E23: =D23-$D$20 -> 58774.344 | F23: Adjusted R Square | G23: 0.99940962 | H23: Total | I23: 4 | J23: 2.8293988e+10
A24: 43789 | B24: 1 | C24: 2.5 | D24: 113272.46 | E24: =D24-$D$20 -> 113176.7 | F24: Standard Error | G24: 2043.5373
A25: 43789 | B25: 1 | C25: 5 | D25: 218217.2 | E25: =D25-$D$20 -> 218121.45 | F25: Observations | G25: 5
A26: 43888 | B26: 1 | C26: 0 | D26: 114.75046 | E26: =D26-$D$26 -> 0 | F26: Regression Statistics | I26: df | J26: SS | K26: MS | L26: F | M26: Significance F | O26: Coefficients | P26: SE | Q26: SD | R26: t Stat | S26: P-value | T26: Lower 95% | U26: Upper 95% | V26: Lower 95.0% | W26: Upper 95.0%
A27: 43888 | B27: 1 | C27: 0.25 | D27: 16442.46 | E27: =D27-$D$26 -> 16327.709 | F27: Multiple R | G27: 0.99999787 | H27: Regression | I27: 1 | J27: 6.7318275e+10 | K27: 6.7318275e+10 | L27: 702663.39 | M27: 3.7441008e-09 | N27: Intercept | O27: -434.02192 | P27: 205.19043 | Q27: =P27*SQRT(G31) -> 458.81976 | R27: -2.1152152 | S27: 0.12474762 | T27: -1087.0295 | U27: 218.98562 | V27: -1087.0295 | W27: 218.98562 | X27: =3.3*Q27/O28 -> 0.022657825 | Y27: =10*Q27/O28 -> 0.068660076
A28: 43888 | B28: 1 | C28: 0.5 | D28: 33212.068 | E28: =D28-$D$26 -> 33097.318 | F28: R Square | G28: 0.99999573 | H28: Residual | I28: 3 | J28: 287413.33 | K28: 95804.444 | N28: X Variable 1 | O28: 66824.825 | P28: 79.719427 | R28: 838.2502 | S28: 3.7441008e-09 | T28: 66571.122 | U28: 67078.528 | V28: 66571.122 | W28: 67078.528
A29: 43888 | B29: 1 | C29: 1.25 | D29: 82795.486 | E29: =D29-$D$26 -> 82680.735 | F29: Adjusted R Square | G29: 0.99999431 | H29: Total | I29: 4 | J29: 6.7318563e+10
A30: 43888 | B30: 1 | C30: 2.5 | D30: 167047.64 | E30: =D30-$D$26 -> 166932.89 | F30: Standard Error | G30: 309.52293
A31: 43888 | B31: 1 | C31: 5 | D31: 333741.83 | E31: =D31-$D$26 -> 333627.08 | F31: Observations | G31: 5
A32: 43888 | B32: 2 | C32: 0 | D32: 191.25129 | E32: =D32-$D$32 -> 0 | F32: Regression Statistics | I32: df | J32: SS | K32: MS | L32: F | M32: Significance F | O32: Coefficients | P32: SE | Q32: SD | R32: t Stat | S32: P-value | T32: Lower 95% | U32: Upper 95% | V32: Lower 95.0% | W32: Upper 95.0%
A33: 43888 | B33: 2 | C33: 0.25 | D33: 15027.9 | E33: =D33-$D$32 -> 14836.649 | F33: Multiple R | G33: 0.9999909 | H33: Regression | I33: 1 | J33: 5.2327703e+10 | K33: 5.2327703e+10 | L33: 164915.19 | M33: 3.2928374e-08 | N33: Intercept | O33: 260.05258 | P33: 373.42191 | Q33: =P33*SQRT(G37) -> 834.99677 | R33: 0.6964042 | S33: 0.53628297 | T33: -928.34258 | U33: 1448.4478 | V33: -928.34258 | W33: 1448.4478 | X33: =3.3*Q33/O34 -> 0.046769374 | Y33: =10*Q33/O34 -> 0.14172538
A34: 43888 | B34: 2 | C34: 0.5 | D34: 29763.726 | E34: =D34-$D$32 -> 29572.475 | F34: R Square | G34: 0.99998181 | H34: Residual | I34: 3 | J34: 951902.08 | K34: 317300.69 | N34: X Variable 1 | O34: 58916.532 | P34: 145.07977 | R34: 406.09751 | S34: 3.2928374e-08 | T34: 58454.824 | U34: 59378.241 | V34: 58454.824 | W34: 59378.241
A35: 43888 | B35: 2 | C35: 1.25 | D35: 74847.649 | E35: =D35-$D$32 -> 74656.397 | F35: Adjusted R Square | G35: 0.99997575 | H35: Total | I35: 4 | J35: 5.2328655e+10
A36: 43888 | B36: 2 | C36: 2.5 | D36: 147168.95 | E36: =D36-$D$32 -> 146977.7 | F36: Standard Error | G36: 563.2945
A37: 43888 | B37: 2 | C37: 5 | D37: 295155.35 | E37: =D37-$D$32 -> 294964.1 | F37: Observations | G37: 5

Sheet molybdenum_Mo
A1: Date | B1: No_cal | C1: Std_conc (ppb) | D1: Mo (cps) | E1: Mo (BLK corrected) | F1: SUMMARY OUTPUT | H1: ANOVA
A2: 43838 | B2: 1 | C2: 0 | D2: 6 | E2: =D2-$D$2 -> 0 | F2: Regression Statistics | I2: df | J2: SS | K2: MS | L2: F | M2: Significance F | O2: Coefficients | P2: SE | Q2: SD | R2: t Stat | S2: P-value | T2: Lower 95% | U2: Upper 95% | V2: Lower 95.0% | W2: Upper 95.0% | X2: LOD (µg/L) | Y2: LOQ (µg/L)
A3: 43838 | B3: 1 | C3: 0.5 | D3: 5378 | E3: =D3-$D$2 -> 5372 | F3: Multiple R | G3: 0.999989 | H3: Regression | I3: 1 | J3: 7.750022e+09 | K3: 7.750022e+09 | L3: 136394 | M3: 4.3779056e-08 | N3: Intercept | O3: -390.87065 | P3: 158.02221 | Q3: =P3*SQRT(G7) -> 353.34839 | R3: -2.4735172 | S3: 0.089784006 | T3: -893.76783 | U3: 112.02654 | V3: -893.76783 | W3: 112.02654 | X3: =3.3*Q3/O4 -> 0.10285473 | Y3: =10*Q3/O4 -> 0.31168099
A4: 43838 | B4: 1 | C4: 1 | D4: 11055 | E4: =D4-$D$2 -> 11049 | F4: R Square | G4: 0.99997801 | H4: Residual | I4: 3 | J4: 170462.53 | K4: 56820.843 | N4: X Variable 1 | O4: 11336.861 | P4: 30.696947 | R4: 369.31558 | S4: 4.3779056e-08 | T4: 11239.169 | U4: 11434.552 | V4: 11239.169 | W4: 11434.552
A5: 43838 | B5: 1 | C5: 2.5 | D5: 27949 | E5: =D5-$D$2 -> 27943 | F5: Adjusted R Square | G5: 0.99997067 | H5: Total | I5: 4 | J5: 7.7501924e+09
A6: 43838 | B6: 1 | C6: 5 | D6: 55947 | E6: =D6-$D$2 -> 55941 | F6: Standard Error | G6: 238.37123
A7: 43838 | B7: 1 | C7: 10 | D7: 113147 | E7: =D7-$D$2 -> 113141 | F7: Observations | G7: 5
A8: 43838 | B8: 2 | C8: 0 | D8: 19 | E8: =D8-$D$8 -> 0 | F8: Regression Statistics | I8: df | J8: SS | K8: MS | L8: F | M8: Significance F | O8: Coefficients | P8: SE | Q8: SD | R8: t Stat | S8: P-value | T8: Lower 95% | U8: Upper 95% | V8: Lower 95.0% | W8: Upper 95.0%
A9: 43838 | B9: 2 | C9: 0.5 | D9: 4973.5609 | E9: =D9-$D$8 -> 4954.5609 | F9: Multiple R | G9: 0.99992785 | H9: Regression | I9: 1 | J9: 6.5370718e+09 | K9: 6.5370718e+09 | L9: 20786.701 | M9: 7.3572781e-07 | N9: Intercept | O9: -365.89423 | P9: 371.76039 | Q9: =P9*SQRT(G13) -> 831.28151 | R9: -0.98422058 | S9: 0.39757857 | T9: -1549.0017 | U9: 817.21326 | V9: -1549.0017 | W9: 817.21326 | X9: =3.3*Q9/O10 -> 0.26346874 | Y9: =10*Q9/O10 -> 0.79839011
A10: 43838 | B10: 2 | C10: 1 | D10: 10181.796 | E10: =D10-$D$8 -> 10162.796 | F10: R Square | G10: 0.9998557 | H10: Residual | I10: 3 | J10: 943450.09 | K10: 314483.36 | N10: X Variable 1 | O10: 10411.972 | P10: 72.217123 | R10: 144.17594 | S10: 7.3572781e-07 | T10: 10182.144 | U10: 10641.799 | V10: 10182.144 | W10: 10641.799
A11: 43838 | B11: 2 | C11: 2.5 | D11: 25964.996 | E11: =D11-$D$8 -> 25945.996 | F11: Adjusted R Square | G11: 0.9998076 | H11: Total | I11: 4 | J11: 6.5380152e+09
A12: 43838 | B12: 2 | C12: 5 | D12: 50862.436 | E12: =D12-$D$8 -> 50843.436 | F12: Standard Error | G12: 560.78816
A13: 43838 | B13: 2 | C13: 10 | D13: 104110.2 | E13: =D13-$D$8 -> 104091.2 | F13: Observations | G13: 5
A14: 43838 | B14: 3 | C14: 0 | D14: 52.640485 | E14: =D14-$D$14 -> 0 | F14: Regression Statistics | I14: df | J14: SS | K14: MS | L14: F | M14: Significance F | O14: Coefficients | P14: SE | Q14: SD | R14: t Stat | S14: P-value | T14: Lower 95% | U14: Upper 95% | V14: Lower 95.0% | W14: Upper 95.0%
A15: 43838 | B15: 3 | C15: 0.5 | D15: 4921.766 | E15: =D15-$D$14 -> 4869.1255 | F15: Multiple R | G15: 0.99998991 | H15: Regression | I15: 1 | J15: 6.0808424e+09 | K15: 6.0808424e+09 | L15: 148617.87 | M15: 3.8490512e-08 | N15: Intercept | O15: -116.19774 | P15: 134.0944 | Q15: =P15*SQRT(G19) -> 299.84419 | R15: -0.86653687 | S15: 0.44994428 | T15: -542.94597 | U15: 310.55049 | V15: -542.94597 | W15: 310.55049 | X15: =3.3*Q15/O16 -> 0.098534057 | Y15: =10*Q15/O16 -> 0.29858805
A16: 43838 | B16: 3 | C16: 1 | D16: 9953.3296 | E16: =D16-$D$14 -> 9900.6891 | F16: R Square | G16: 0.99997981 | H16: Residual | I16: 3 | J16: 122747.87 | K16: 40915.958 | N16: X Variable 1 | O16: 10042.069 | P16: 26.048799 | R16: 385.50988 | S16: 3.8490512e-08 | T16: 9959.1705 | U16: 10124.968 | V16: 9959.1705 | W16: 10124.968
A17: 43838 | B17: 3 | C17: 2.5 | D17: 25279.848 | E17: =D17-$D$14 -> 25227.208 | F17: Adjusted R Square | G17: 0.99997309 | H17: Total | I17: 4 | J17: 6.0809651e+09
A18: 43838 | B18: 3 | C18: 5 | D18: 49902.622 | E18: =D18-$D$14 -> 49849.982 | F18: Standard Error | G18: 202.27693
A19: 43838 | B19: 3 | C19: 10 | D19: 100423.97 | E19: =D19-$D$14 -> 100371.33 | F19: Observations | G19: 5
A20: 43789 | B20: 1 | C20: 0 | D20: 11.236085 | E20: =D20-$D$20 -> 0 | F20: Regression Statistics | I20: df | J20: SS | K20: MS | L20: F | M20: Significance F | O20: Coefficients | P20: SE | Q20: SD | R20: t Stat | S20: P-value | T20: Lower 95% | U20: Upper 95% | V20: Lower 95.0% | W20: Upper 95.0%
A21: 43789 | B21: 1 | C21: 0.5 | D21: 6170.4015 | E21: =D21-$D$20 -> 6159.1654 | F21: Multiple R | G21: 0.99989565 | H21: Regression | I21: 1 | J21: 7.476137e+09 | K21: 7.476137e+09 | L21: 14372.54 | M21: 1.2795631e-06 | N21: Intercept | O21: 1215.4771 | P21: 478.11916 | Q21: =P21*SQRT(G25) -> 1069.1069 | R21: 2.5422053 | S21: 0.084516396 | T21: -306.11149 | U21: 2737.0656 | V21: -306.11149 | W21: 2737.0656 | X21: =3.3*Q21/O22 -> 0.31685103 | Y21: =10*Q21/O22 -> 0.96015463
A22: 43789 | B22: 1 | C22: 1 | D22: 12066.585 | E22: =D22-$D$20 -> 12055.349 | F22: R Square | G22: 0.99979131 | H22: Residual | I22: 3 | J22: 1560504.4 | K22: 520168.12 | N22: X Variable 1 | O22: 11134.737 | P22: 92.878076 | R22: 119.88553 | S22: 1.2795631e-06 | T22: 10839.158 | U22: 11430.317 | V22: 10839.158 | W22: 11430.317
A23: 43789 | B23: 1 | C23: 2.5 | D23: 29821.29 | E23: =D23-$D$20 -> 29810.054 | F23: Adjusted R Square | G23: 0.99972175 | H23: Total | I23: 4 | J23: 7.4776975e+09
A24: 43789 | B24: 1 | C24: 5 | D24: 57479.548 | E24: =D24-$D$20 -> 57468.312 | F24: Standard Error | G24: 721.22681
A25: 43789 | B25: 1 | C25: 10 | D25: 112155.75 | E25: =D25-$D$20 -> 112144.51 | F25: Observations | G25: 5
A26: 43888 | B26: 1 | C26: 0 | D26: 12.979345 | E26: =D26-$D$26 -> 0 | F26: Regression Statistics | I26: df | J26: SS | K26: MS | L26: F | M26: Significance F | O26: Coefficients | P26: SE | Q26: SD | R26: t Stat | S26: P-value | T26: Lower 95% | U26: Upper 95% | V26: Lower 95.0% | W26: Upper 95.0%
A27: 43888 | B27: 1 | C27: 0.5 | D27: 7520.959 | E27: =D27-$D$26 -> 7507.9796 | F27: Multiple R | G27: 0.9999969 | H27: Regression | I27: 1 | J27: 1.3696622e+10 | K27: 1.3696622e+10 | L27: 483327.09 | M27: 6.5630513e-09 | N27: Intercept | O27: 64.760166 | P27: 111.59647 | Q27: =P27*SQRT(G31) -> 249.53729 | R27: 0.58030659 | S27: 0.60242281 | T27: -290.3896 | U27: 419.90993 | V27: -290.3896 | W27: 419.90993 | X27: =3.3*Q27/O28 -> 0.05463882 | Y27: =10*Q27/O28 -> 0.16557218
A28: 43888 | B28: 1 | C28: 1 | D28: 15259.826 | E28: =D28-$D$26 -> 15246.847 | F28: R Square | G28: 0.99999379 | H28: Residual | I28: 3 | J28: 85014.615 | K28: 28338.205 | N28: X Variable 1 | O28: 15071.209 | P28: 21.678414 | R28: 695.2173 | S28: 6.5630513e-09 | T28: 15002.218 | U28: 15140.199 | V28: 15002.218 | W28: 15140.199
A29: 43888 | B29: 1 | C29: 2.5 | D29: 37879.894 | E29: =D29-$D$26 -> 37866.914 | F29: Adjusted R Square | G29: 0.99999172 | H29: Total | I29: 4 | J29: 1.3696707e+10
A30: 43888 | B30: 1 | C30: 5 | D30: 75223.535 | E30: =D30-$D$26 -> 75210.556 | F30: Standard Error | G30: 168.33955
A31: 43888 | B31: 1 | C31: 10 | D31: 150857.45 | E31: =D31-$D$26 -> 150844.47 | F31: Observations | G31: 5
A32: 43888 | B32: 2 | C32: 0 | D32: 36.201982 | E32: =D32-$D$32 -> 0 | F32: Regression Statistics | I32: df | J32: SS | K32: MS | L32: F | M32: Significance F | O32: Coefficients | P32: SE | Q32: SD | R32: t Stat | S32: P-value | T32: Lower 95% | U32: Upper 95% | V32: Lower 95.0% | W32: Upper 95.0%
A33: 43888 | B33: 2 | C33: 0.5 | D33: 6942.8616 | E33: =D33-$D$32 -> 6906.6596 | F33: Multiple R | G33: 0.99994688 | H33: Regression | I33: 1 | J33: 1.0988847e+10 | K33: 1.0988847e+10 | L33: 28237.465 | M33: 4.6470444e-07 | N33: Intercept | O33: 658.75313 | P33: 413.5495 | Q33: =P33*SQRT(G37) -> 924.72479 | R33: 1.5929245 | S33: 0.2094252 | T33: -657.34594 | U33: 1974.8522 | V33: -657.34594 | W33: 1974.8522 | X33: =3.3*Q33/O34 -> 0.22605235 | Y33: =10*Q33/O34 -> 0.68500712
A34: 43888 | B34: 2 | C34: 1 | D34: 13904.412 | E34: =D34-$D$32 -> 13868.21 | F34: R Square | G34: 0.99989377 | H34: Residual | I34: 3 | J34: 1167475.3 | K34: 389158.42 | N34: X Variable 1 | O34: 13499.492 | P34: 80.334956 | R34: 168.04007 | S34: 4.6470444e-07 | T34: 13243.83 | U34: 13755.153 | V34: 13243.83 | W34: 13755.153
A35: 43888 | B35: 2 | C35: 2.5 | D35: 35051.575 | E35: =D35-$D$32 -> 35015.373 | F35: Adjusted R Square | G35: 0.99985836 | H35: Total | I35: 4 | J35: 1.0990015e+10
A36: 43888 | B36: 2 | C36: 5 | D36: 68756.133 | E36: =D36-$D$32 -> 68719.931 | F36: Standard Error | G36: 623.82564
A37: 43888 | B37: 2 | C37: 10 | D37: 135310.13 | E37: =D37-$D$32 -> 135273.93 | F37: Observations | G37: 5

Sheet antimony_Sb
A1: Date | B1: No_cal | C1: Std_conc (ppb) | D1: Sb (cps) | E1: Sb (BLK corrected) | F1: SUMMARY OUTPUT | H1: ANOVA
A2: 43838 | B2: 1 | C2: 0 | D2: 26.500026 | E2: =D2-$D$2 -> 0 | F2: Regression Statistics | I2: df | J2: SS | K2: MS | L2: F | M2: Significance F | O2: Coefficients | P2: SE | Q2: SD | R2: t Stat | S2: P-value | T2: Lower 95% | U2: Upper 95% | V2: Lower 95.0% | W2: Upper 95.0% | X2: LOD (µg/L) | Y2: LOQ (µg/L)
A3: 43838 | B3: 1 | C3: 0.01 | D3: 152.00081 | E3: =D3-$D$2 -> 125.50079 | F3: Multiple R | G3: 0.9999135 | H3: Regression | I3: 1 | J3: 3690764.9 | K3: 3690764.9 | L3: 17339.376 | M3: 9.6567365e-07 | N3: Intercept | O3: -2.6112803 | P3: 9.671765 | Q3: =P3*SQRT(G7) -> 21.626724 | R3: -0.26999005 | S3: 0.80467519 | T3: -33.391153 | U3: 28.168592 | V3: -33.391153 | W3: 28.168592 | X3: =3.3*Q3/O4 -> 0.0057694596 | Y3: =10*Q3/O4 -> 0.017483211
A4: 43838 | B4: 1 | C4: 0.02 | D4: 252.75224 | E4: =D4-$D$2 -> 226.25222 | F4: R Square | G4: 0.99982701 | H4: Residual | I4: 3 | J4: 638.5636 | K4: 212.85453 | N4: X Variable 1 | O4: 12369.995 | P4: 93.940486 | R4: 131.67907 | S4: 9.6567365e-07 | T4: 12071.035 | U4: 12668.956 | V4: 12071.035 | W4: 12668.956
A5: 43838 | B5: 1 | C5: 0.05 | D5: 658.7652 | E5: =D5-$D$2 -> 632.26517 | F5: Adjusted R Square | G5: 0.99976935 | H5: Total | I5: 4 | J5: 3691403.4
A6: 43838 | B6: 1 | C6: 0.1 | D6: 1261.3058 | E6: =D6-$D$2 -> 1234.8058 | F6: Standard Error | G6: 14.589535
A7: 43838 | B7: 1 | C7: 0.2 | D7: 2495.2179 | E7: =D7-$D$2 -> 2468.7179 | F7: Observations | G7: 5
A8: 43838 | B8: 2 | C8: 0 | D8: 32.250036 | E8: =D8-$D$8 -> 0 | F8: Regression Statistics | I8: df | J8: SS | K8: MS | L8: F | M8: Significance F | O8: Coefficients | P8: SE | Q8: SD | R8: t Stat | S8: P-value | T8: Lower 95% | U8: Upper 95% | V8: Lower 95.0% | W8: Upper 95.0%
A9: 43838 | B9: 2 | C9: 0.01 | D9: 147.50076 | E9: =D9-$D$8 -> 115.25073 | F9: Multiple R | G9: 0.9999425 | H9: Regression | I9: 1 | J9: 3140858.7 | K9: 3140858.7 | L9: 26083.474 | M9: 5.2343487e-07 | N9: Intercept | O9: -3.3595591 | P9: 7.2745437 | Q9: =P9*SQRT(G13) -> 16.266374 | R9: -0.46182403 | S9: 0.67563682 | T9: -26.510404 | U9: 19.791286 | V9: -26.510404 | W9: 19.791286 | X9: =3.3*Q9/O10 -> 0.00470402 | Y9: =10*Q9/O10 -> 0.014254606
A10: 43838 | B10: 2 | C10: 0.02 | D10: 244.25209 | E10: =D10-$D$8 -> 212.00205 | F10: R Square | G10: 0.999885 | H10: Residual | I10: 3 | J10: 361.24697 | K10: 120.41566 | N10: X Variable 1 | O10: 11411.311 | P10: 70.656615 | R10: 161.50379 | S10: 5.2343487e-07 | T10: 11186.45 | U10: 11636.172 | V10: 11186.45 | W10: 11636.172
A11: 43838 | B11: 2 | C11: 0.05 | D11: 612.01314 | E11: =D11-$D$8 -> 579.7631 | F11: Adjusted R Square | G11: 0.99984666 | H11: Total | I11: 4 | J11: 3141219.9
A12: 43838 | B12: 2 | C12: 0.1 | D12: 1165.7976 | E12: =D12-$D$8 -> 1133.5475 | F12: Standard Error | G12: 10.973407
A13: 43838 | B13: 2 | C13: 0.2 | D13: 2311.187 | E13: =D13-$D$8 -> 2278.937 | F13: Observations | G13: 5
A14: 43838 | B14: 3 | C14: 0 | D14: 27.250029 | E14: =D14-$D$14 -> 0 | F14: Regression Statistics | I14: df | J14: SS | K14: MS | L14: F | M14: Significance F | O14: Coefficients | P14: SE | Q14: SD | R14: t Stat | S14: P-value | T14: Lower 95% | U14: Upper 95% | V14: Lower 95.0% | W14: Upper 95.0%
A15: 43838 | B15: 3 | C15: 0.01 | D15: 144.00073 | E15: =D15-$D$14 -> 116.7507 | F15: Multiple R | G15: 0.99981036 | H15: Regression | I15: 1 | J15: 3145922.5 | K15: 3145922.5 | L15: 7907.6539 | M15: 3.1347404e-06 | N15: Intercept | O15: -5.2087322 | P15: 13.222527 | Q15: =P15*SQRT(G19) -> 29.566469 | R15: -0.39392865 | S15: 0.71996388 | T15: -47.288714 | U15: 36.87125 | V15: -47.288714 | W15: 36.87125 | X15: =3.3*Q15/O16 -> 0.008543347 | Y15: =10*Q15/O16 -> 0.02588893
A16: 43838 | B16: 3 | C16: 0.02 | D16: 224.00176 | E16: =D16-$D$14 -> 196.75173 | F16: R Square | G16: 0.99962076 | H16: Residual | I16: 3 | J16: 1193.4978 | K16: 397.8326 | N16: X Variable 1 | O16: 11420.506 | P16: 128.42854 | R16: 88.92499 | S16: 3.1347404e-06 | T16: 11011.789 | U16: 11829.223 | V16: 11011.789 | W16: 11829.223
A17: 43838 | B17: 3 | C17: 0.05 | D17: 605.01283 | E17: =D17-$D$14 -> 577.7628 | F17: Adjusted R Square | G17: 0.99949435 | H17: Total | I17: 4 | J17: 3147116
A18: 43838 | B18: 3 | C18: 0.1 | D18: 1179.0487 | E18: =D18-$D$14 -> 1151.7987 | F18: Standard Error | G18: 19.945741
A19: 43838 | B19: 3 | C19: 0.2 | D19: 2297.9349 | E19: =D19-$D$14 -> 2270.6848 | F19: Observations | G19: 5
A20: 43789 | B20: 1 | C20: 0 | D20: 41.500061 | E20: =D20-$D$20 -> 0 | F20: Regression Statistics | I20: df | J20: SS | K20: MS | L20: F | M20: Significance F | O20: Coefficients | P20: SE | Q20: SD | R20: t Stat | S20: P-value | T20: Lower 95% | U20: Upper 95% | V20: Lower 95.0% | W20: Upper 95.0%
A21: 43789 | B21: 1 | C21: 0.01 | D21: 205.00148 | E21: =D21-$D$20 -> 163.50142 | F21: Multiple R | G21: 0.99989916 | H21: Regression | I21: 1 | J21: 7105412.5 | K21: 7105412.5 | L21: 14872.409 | M21: 1.2156083e-06 | N21: Intercept | O21: -0.063255541 | P21: 14.489996 | Q21: =P21*SQRT(G25) -> 32.400617 | R21: -0.0043654629 | S21: 0.99679094 | T21: -46.176891 | U21: 46.05038 | V21: -46.176891 | W21: 46.05038 | X21: =3.3*Q21/O22 -> 0.0062296152 | Y21: =10*Q21/O22 -> 0.018877622
A22: 43789 | B22: 1 | C22: 0.02 | D22: 369.50479 | E22: =D22-$D$20 -> 328.00473 | F22: R Square | G22: 0.99979832 | H22: Residual | I22: 3 | J22: 1433.2741 | K22: 477.75803 | N22: X Variable 1 | O22: 17163.506 | P22: 140.73929 | R22: 121.95248 | S22: 1.2156083e-06 | T22: 16715.61 | U22: 17611.401 | V22: 16715.61 | W22: 17611.401
A23: 43789 | B23: 1 | C23: 0.05 | D23: 932.53046 | E23: =D23-$D$20 -> 891.0304 | F23: Adjusted R Square | G23: 0.9997311 | H23: Total | I23: 4 | J23: 7106845.8
A24: 43789 | B24: 1 | C24: 0.1 | D24: 1751.1074 | E24: =D24-$D$20 -> 1709.6073 | F24: Standard Error | G24: 21.857677
A25: 43789 | B25: 1 | C25: 0.2 | D25: 3471.1721 | E25: =D25-$D$20 -> 3429.672 | F25: Observations | G25: 5
A26: 43888 | B26: 1 | C26: 0 | D26: 20.250015 | E26: =D26-$D$26 -> 0 | F26: Regression Statistics | I26: df | J26: SS | K26: MS | L26: F | M26: Significance F | O26: Coefficients | P26: SE | Q26: SD | R26: t Stat | S26: P-value | T26: Lower 95% | U26: Upper 95% | V26: Lower 95.0% | W26: Upper 95.0%
A27: 43888 | B27: 1 | C27: 0.01 | D27: 246.75213 | E27: =D27-$D$26 -> 226.50212 | F27: Multiple R | G27: 0.99998793 | H27: Regression | I27: 1 | J27: 11248999 | K27: 11248999 | L27: 124247.45 | M27: 5.0353181e-08 | N27: Intercept | O27: 16.650293 | P27: 6.3077936 | Q27: =P27*SQRT(G31) -> 14.104655 | R27: 2.6396382 | S27: 0.07768004 | T27: -3.4239213 | U27: 36.724508 | V27: -3.4239213 | W27: 36.724508 | X27: =3.3*Q27/O28 -> 0.002155302 | Y27: =10*Q27/O28 -> 0.0065312181
A28: 43888 | B28: 1 | C28: 0.02 | D28: 465.7576 | E28: =D28-$D$26 -> 445.50759 | F28: R Square | G28: 0.99997586 | H28: Residual | I28: 3 | J28: 271.61118 | K28: 90.537061 | N28: X Variable 1 | O28: 21595.75 | P28: 61.266708 | R28: 352.48752 | S28: 5.0353181e-08 | T28: 21400.772 | U28: 21790.728 | V28: 21400.772 | W28: 21790.728
A29: 43888 | B29: 1 | C29: 0.05 | D29: 1119.2938 | E29: =D29-$D$26 -> 1099.0438 | F29: Adjusted R Square | G29: 0.99996781 | H29: Total | I29: 4 | J29: 11249271
A30: 43888 | B30: 1 | C30: 0.1 | D30: 2209.6709 | E30: =D30-$D$26 -> 2189.4209 | F30: Standard Error | G30: 9.5150965
A31: 43888 | B31: 1 | C31: 0.2 | D31: 4349.4121 | E31: =D31-$D$26 -> 4329.1621 | F31: Observations | G31: 5
A32: 43888 | B32: 2 | C32: 0 | D32: 14.000007 | E32: =D32-$D$32 -> 0 | F32: Regression Statistics | I32: df | J32: SS | K32: MS | L32: F | M32: Significance F | O32: Coefficients | P32: SE | Q32: SD | R32: t Stat | S32: P-value | T32: Lower 95% | U32: Upper 95% | V32: Lower 95.0% | W32: Upper 95.0%
A33: 43888 | B33: 2 | C33: 0.01 | D33: 238.25199 | E33: =D33-$D$32 -> 224.25199 | F33: Multiple R | G33: 0.99996151 | H33: Regression | I33: 1 | J33: 8928184 | K33: 8928184 | L33: 38965.36 | M33: 2.8669003e-07 | N33: Intercept | O33: 14.241167 | P33: 10.034749 | Q33: =P33*SQRT(G37) -> 22.43838 | R33: 1.4191852 | S33: 0.25090351 | T33: -17.693882 | U33: 46.176215 | V33: -17.693882 | W33: 46.176215 | X33: =3.3*Q33/O34 -> 0.0038486864 | Y33: =10*Q33/O34 -> 0.011662686
A34: 43888 | B34: 2 | C34: 0.02 | D34: 409.75588 | E34: =D34-$D$32 -> 395.75587 | F34: R Square | G34: 0.99992301 | H34: Residual | I34: 3 | J34: 687.39393 | K34: 229.13131 | N34: X Variable 1 | O34: 19239.462 | P34: 97.466095 | R34: 197.39645 | S34: 2.8669003e-07 | T34: 18929.281 | U34: 19549.642 | V34: 18929.281 | W34: 19549.642
A35: 43888 | B35: 2 | C35: 0.05 | D35: 981.53374 | E35: =D35-$D$32 -> 967.53374 | F35: Adjusted R Square | G35: 0.99989735 | H35: Total | I35: 4 | J35: 8928871.4
A36: 43888 | B36: 2 | C36: 0.1 | D36: 1937.6315 | E36: =D36-$D$32 -> 1923.6314 | F36: Standard Error | G36: 15.137084
A37: 43888 | B37: 2 | C37: 0.2 | D37: 3885.0282 | E37: =D37-$D$32 -> 3871.0282 | F37: Observations | G37: 5

Sheet cesium_Cs
A1: Date | B1: No_cal | C1: Std_conc (ppb) | D1: Cs (cps) | E1: Cs (BLK corrected) | F1: SUMMARY OUTPUT | H1: ANOVA
A2: 43838 | B2: 1 | C2: 0 | D2: 3 | E2: =D2-$D$2 -> 0 | F2: Regression Statistics | I2: df | J2: SS | K2: MS | L2: F | M2: Significance F | O2: Coefficients | P2: SE | Q2: SD | R2: t Stat | S2: P-value | T2: Lower 95% | U2: Upper 95% | V2: Lower 95.0% | W2: Upper 95.0% | X2: LOD (µg/L) | Y2: LOQ (µg/L)
A3: 43838 | B3: 1 | C3: 0.01 | D3: 453 | E3: =D3-$D$2 -> 450 | F3: Multiple R | G3: 0.99997727 | H3: Regression | I3: 1 | J3: 55203686 | K3: 55203686 | L3: 65998.728 | M3: 1.3005999e-07 | N3: Intercept | O3: -33.27529 | P3: 19.172579 | Q3: =P3*SQRT(G7) -> 42.87119 | R3: -1.7355667 | S3: 0.18104528 | T3: -94.290993 | U3: 27.740413 | V3: -94.290993 | W3: 27.740413 | X3: =3.3*Q3/O4 -> 0.0029572231 | Y3: =10*Q3/O4 -> 0.0089612821
A4: 43838 | B4: 1 | C4: 0.02 | D4: 933 | E4: =D4-$D$2 -> 930 | F4: R Square | G4: 0.99995455 | H4: Residual | I4: 3 | J4: 2509.3068 | K4: 836.4356 | N4: X Variable 1 | O4: 47840.464 | P4: 186.22055 | R4: 256.90218 | S4: 1.3005999e-07 | T4: 47247.827 | U4: 48433.101 | V4: 47247.827 | W4: 48433.101
A5: 43838 | B5: 1 | C5: 0.05 | D5: 2377 | E5: =D5-$D$2 -> 2374 | F5: Adjusted R Square | G5: 0.9999394 | H5: Total | I5: 4 | J5: 55206195
A6: 43838 | B6: 1 | C6: 0.1 | D6: 4710 | E6: =D6-$D$2 -> 4707 | F6: Standard Error | G6: 28.921196
A7: 43838 | B7: 1 | C7: 0.2 | D7: 9555 | E7: =D7-$D$2 -> 9552 | F7: Observations | G7: 5
A8: 43838 | B8: 2 | C8: 0 | D8: 5 | E8: =D8-$D$8 -> 0 | F8: Regression Statistics | I8: df | J8: SS | K8: MS | L8: F | M8: Significance F | O8: Coefficients | P8: SE | Q8: SD | R8: t Stat | S8: P-value | T8: Lower 95% | U8: Upper 95% | V8: Lower 95.0% | W8: Upper 95.0%
A9: 43838 | B9: 2 | C9: 0.01 | D9: 414 | E9: =D9-$D$8 -> 409 | F9: Multiple R | G9: 0.99996623 | H9: Regression | I9: 1 | J9: 45509100 | K9: 45509100 | L9: 44418.417 | M9: 2.3555424e-07 | N9: Intercept | O9: -14.616915 | P9: 21.21934 | Q9: =P9*SQRT(G13) -> 47.447886 | R9: -0.68884875 | S9: 0.54041117 | T9: -82.146324 | U9: 52.912493 | V9: -82.146324 | W9: 52.912493 | X9: =3.3*Q9/O10 -> 0.00360471 | Y9: =10*Q9/O10 -> 0.010923364
A10: 43838 | B10: 2 | C10: 0.02 | D10: 866 | E10: =D10-$D$8 -> 861 | F10: R Square | G10: 0.99993247 | H10: Residual | I10: 3 | J10: 3073.6642 | K10: 1024.5547 | N10: X Variable 1 | O10: 43437.065 | P10: 206.10044 | R10: 210.75677 | S10: 2.3555424e-07 | T10: 42781.161 | U10: 44092.968 | V10: 42781.161 | W10: 44092.968
A11: 43838 | B11: 2 | C11: 0.05 | D11: 2195 | E11: =D11-$D$8 -> 2190 | F11: Adjusted R Square | G11: 0.99990995 | H11: Total | I11: 4 | J11: 45512173
A12: 43838 | B12: 2 | C12: 0.1 | D12: 4293 | E12: =D12-$D$8 -> 4288 | F12: Standard Error | G12: 32.008666
A13: 43838 | B13: 2 | C13: 0.2 | D13: 8690 | E13: =D13-$D$8 -> 8685 | F13: Observations | G13: 5
A14: 43838 | B14: 3 | C14: 0 | D14: 8 | E14: =D14-$D$14 -> 0 | F14: Regression Statistics | I14: df | J14: SS | K14: MS | L14: F | M14: Significance F | O14: Coefficients | P14: SE | Q14: SD | R14: t Stat | S14: P-value | T14: Lower 95% | U14: Upper 95% | V14: Lower 95.0% | W14: Upper 95.0%
A15: 43838 | B15: 3 | C15: 0.01 | D15: 414 | E15: =D15-$D$14 -> 406 | F15: Multiple R | G15: 0.999921 | H15: Regression | I15: 1 | J15: 42394099 | K15: 42394099 | L15: 18984.822 | M15: 8.4290496e-07 | N15: Intercept | O15: 4.7661692 | P15: 31.326633 | Q15: =P15*SQRT(G19) -> 70.048481 | R15: 0.15214432 | S15: 0.88872927 | T15: -94.929159 | U15: 104.4615 | V15: -94.929159 | W15: 104.4615 | X15: =3.3*Q15/O16 -> 0.0055137696 | Y15: =10*Q15/O16 -> 0.016708393
A16: 43838 | B16: 3 | C16: 0.02 | D16: 842 | E16: =D16-$D$14 -> 834 | F16: R Square | G16: 0.999842 | H16: Residual | I16: 3 | J16: 6699.1567 | K16: 2233.0522 | N16: X Variable 1 | O16: 41924.129 | P16: 304.27116 | R16: 137.78542 | S16: 8.4290496e-07 | T16: 40955.803 | U16: 42892.456 | V16: 40955.803 | W16: 42892.456
A17: 43838 | B17: 3 | C17: 0.05 | D17: 2095 | E17: =D17-$D$14 -> 2087 | F17: Adjusted R Square | G17: 0.99978934 | H17: Total | I17: 4 | J17: 42400798
A18: 43838 | B18: 3 | C18: 0.1 | D18: 4277 | E18: =D18-$D$14 -> 4269 | F18: Standard Error | G18: 47.255182
A19: 43838 | B19: 3 | C19: 0.2 | D19: 8367 | E19: =D19-$D$14 -> 8359 | F19: Observations | G19: 5
A20: 43789 | B20: 1 | C20: 0 | D20: 7 | E20: =D20-$D$20 -> 0 | F20: Regression Statistics | I20: df | J20: SS | K20: MS | L20: F | M20: Significance F | O20: Coefficients | P20: SE | Q20: SD | R20: t Stat | S20: P-value | T20: Lower 95% | U20: Upper 95% | V20: Lower 95.0% | W20: Upper 95.0%
A21: 43789 | B21: 1 | C21: 0.01 | D21: 629.01386 | E21: =D21-$D$20 -> 622.01386 | F21: Multiple R | G21: 0.99994637 | H21: Regression | I21: 1 | J21: 85030459 | K21: 85030459 | L21: 27965.905 | M21: 4.7148896e-07 | N21: Intercept | O21: 78.48733 | P21: 36.554185 | Q21: =P21*SQRT(G25) -> 81.737643 | R21: 2.1471503 | S21: 0.12103295 | T21: -37.844401 | U21: 194.81906 | V21: -37.844401 | W21: 194.81906 | X21: =3.3*Q21/O22 -> 0.0045429446 | Y21: =10*Q21/O22 -> 0.013766499
A22: 43789 | B22: 1 | C22: 0.02 | D22: 1258.3054 | E22: =D22-$D$20 -> 1251.3054 | F22: R Square | G22: 0.99989274 | H22: Residual | I22: 3 | J22: 9121.5135 | K22: 3040.5045 | N22: X Variable 1 | O22: 59374.315 | P22: 355.04563 | R22: 167.2301 | S22: 4.7148896e-07 | T22: 58244.401 | U22: 60504.228 | V22: 58244.401 | W22: 60504.228
A23: 43789 | B23: 1 | C23: 0.05 | D23: 3131.8435 | E23: =D23-$D$20 -> 3124.8435 | F23: Adjusted R Square | G23: 0.99985698 | H23: Total | I23: 4 | J23: 85039581
A24: 43789 | B24: 1 | C24: 0.1 | D24: 6028.2724 | E24: =D24-$D$20 -> 6021.2724 | F24: Standard Error | G24: 55.14077
A25: 43789 | B25: 1 | C25: 0.2 | D25: 11942.241 | E25: =D25-$D$20 -> 11935.241 | F25: Observations | G25: 5
A26: 43888 | B26: 1 | C26: 0 | D26: 4.5000008 | E26: =D26-$D$26 -> 0 | F26: Regression Statistics | I26: df | J26: SS | K26: MS | L26: F | M26: Significance F | O26: Coefficients | P26: SE | Q26: SD | R26: t Stat | S26: P-value | T26: Lower 95% | U26: Upper 95% | V26: Lower 95.0% | W26: Upper 95.0%
A27: 43888 | B27: 1 | C27: 0.01 | D27: 716.76805 | E27: =D27-$D$26 -> 712.26805 | F27: Multiple R | G27: 0.99999666 | H27: Regression | I27: 1 | J27: 1.3070558e+08 | K27: 1.3070558e+08 | L27: 448652.28 | M27: 7.3384179e-09 | N27: Intercept | O27: -34.08897 | P27: 11.315048 | Q27: =P27*SQRT(G31) -> 25.301217 | R27: -3.0127111 | S27: 0.057088581 | T27: -70.098504 | U27: 1.9205625 | V27: -70.098504 | W27: 1.9205625 | X27: =3.3*Q27/O28 -> 0.001134219 | Y27: =10*Q27/O28 -> 0.0034370274
A28: 43888 | B28: 1 | C28: 0.02 | D28: 1451.3238 | E28: =D28-$D$26 -> 1446.8238 | F28: R Square | G28: 0.99999331 | H28: Residual | I28: 3 | J28: 873.98807 | K28: 291.32936 | N28: X Variable 1 | O28: 73613.66 | P28: 109.90146 | R28: 669.81511 | S28: 7.3384179e-09 | T28: 73263.905 | U28: 73963.416 | V28: 73263.905 | W28: 73963.416
A29: 43888 | B29: 1 | C29: 0.05 | D29: 3625.21 | E29: =D29-$D$26 -> 3620.71 | F29: Adjusted R Square | G29: 0.99999108 | H29: Total | I29: 4 | J29: 1.3070645e+08
A30: 43888 | B30: 1 | C30: 0.1 | D30: 7335.6332 | E30: =D30-$D$26 -> 7331.1332 | F30: Standard Error | G30: 17.068373
A31: 43888 | B31: 1 | C31: 0.2 | D31: 14696.311 | E31: =D31-$D$26 -> 14691.811 | F31: Observations | G31: 5
A32: 43888 | B32: 2 | C32: 0 | D32: 7.7500021 | E32: =D32-$D$32 -> 0 | F32: Regression Statistics | I32: df | J32: SS | K32: MS | L32: F | M32: Significance F | O32: Coefficients | P32: Standard Error | Q32: SD | R32: t Stat | S32: P-value | T32: Lower 95% | U32: Upper 95% | V32: Lower 95.0% | W32: Upper 95.0%
A33: 43888 | B33: 2 | C33: 0.01 | D33: 697.51705 | E33: =D33-$D$32 -> 689.76705 | F33: Multiple R | G33: 0.99996459 | H33: Regression | I33: 1 | J33: 1.0742416e+08 | K33: 1.0742416e+08 | L33: 42358.838 | M33: 2.5294015e-07 | N33: Intercept | O33: 46.160374 | P33: 33.384375 | Q33: =P33*SQRT(G37) -> 74.649732 | R33: 1.382694 | S33: 0.26070705 | T33: -60.083606 | U33: 152.40436 | V33: -60.083606 | W33: 152.40436 | X33: =3.3*Q33/O34 -> 0.0036913043 | Y33: =10*Q33/O34 -> 0.011185771
A34: 43888 | B34: 2 | C34: 0.02 | D34: 1367.0655 | E34: =D34-$D$32 -> 1359.3155 | F34: R Square | G34: 0.99992918 | H34: Residual | I34: 3 | J34: 7608.1522 | K34: 2536.0507 | N34: X Variable 1 | O34: 66736.333 | P34: 324.25771 | R34: 205.81263 | S34: 2.5294015e-07 | T34: 65704.4 | U34: 67768.265 | V34: 65704.4 | W34: 67768.265
A35: 43888 | B35: 2 | C35: 0.05 | D35: 3398.1542 | E35: =D35-$D$32 -> 3390.4042 | F35: Adjusted R Square | G35: 0.99990558 | H35: Total | I35: 4 | J35: 1.0743177e+08
A36: 43888 | B36: 2 | C36: 0.1 | D36: 6800.3691 | E36: =D36-$D$32 -> 6792.6191 | F36: Standard Error | G36: 50.359217
A37: 43888 | B37: 2 | C37: 0.2 | D37: 13366.252 | E37: =D37-$D$32 -> 13358.502 | F37: Observations | G37: 5

Sheet barium_Ba
A1: Date | B1: No_cal | C1: Std_conc (ppb) | D1: Ba (cps) | E1: Ba (BLK corrected) | F1: SUMMARY OUTPUT | H1: ANOVA
A2: 43838 | B2: 1 | C2: 0 | D2: 79.453726 | E2: =D2-$D$2 -> 0 | F2: Regression Statistics | I2: df | J2: SS | K2: MS | L2: F | M2: Significance F | O2: Coefficients | P2: SE | Q2: SD | R2: t Stat | S2: P-value | T2: Lower 95% | U2: Upper 95% | V2: Lower 95.0% | W2: Upper 95.0% | X2: LOD (µg/L) | Y2: LOQ (µg/L)
A3: 43838 | B3: 1 | C3: 0.05 | D3: 1895.3261 | E3: =D3-$D$2 -> 1815.8724 | F3: Multiple R | G3: 0.99996398 | H3: Regression | I3: 1 | J3: 8.5988442e+08 | K3: 8.5988442e+08 | L3: 41637.563 | M3: 2.5954056e-07 | N3: Intercept | O3: -130.0174 | P3: 95.266819 | Q3: =P3*SQRT(G7) -> 213.02308 | R3: -1.364771 | S3: 0.2656718 | T3: -433.19893 | U3: 173.16414 | V3: -433.19893 | W3: 173.16414 | X3: =3.3*Q3/O4 -> 0.018615694 | Y3: =10*Q3/O4 -> 0.056411193
A4: 43838 | B4: 1 | C4: 0.1 | D4: 3786.4439 | E4: =D4-$D$2 -> 3706.9902 | F4: R Square | G4: 0.99992795 | H4: Residual | I4: 3 | J4: 61954.952 | K4: 20651.651 | N4: X Variable 1 | O4: 37762.556 | P4: 185.06263 | R4: 204.05284 | S4: 2.5954056e-07 | T4: 37173.604 | U4: 38351.508 | V4: 37173.604 | W4: 38351.508
A5: 43838 | B5: 1 | C5: 0.25 | D5: 9385.7736 | E5: =D5-$D$2 -> 9306.3199 | F5: Adjusted R Square | G5: 0.99990394 | H5: Total | I5: 4 | J5: 8.5994637e+08
A6: 43838 | B6: 1 | C6: 0.5 | D6: 18618.066 | E6: =D6-$D$2 -> 18538.612 | F6: Standard Error | G6: 143.70682
A7: 43838 | B7: 1 | C7: 1 | D7: 37810.429 | E7: =D7-$D$2 -> 37730.975 | F7: Observations | G7: 5
A8: 43838 | B8: 2 | C8: 0 | D8: 78.448493 | E8: =D8-$D$8 -> 0 | F8: Regression Statistics | I8: df | J8: SS | K8: MS | L8: F | M8: Significance F | O8: Coefficients | P8: SE | Q8: SD | R8: t Stat | S8: P-value | T8: Lower 95% | U8: Upper 95% | V8: Lower 95.0% | W8: Upper 95.0%
A9: 43838 | B9: 2 | C9: 0.05 | D9: 1762.5353 | E9: =D9-$D$8 -> 1684.0868 | F9: Multiple R | G9: 0.99999272 | H9: Regression | I9: 1 | J9: 7.2655365e+08 | K9: 7.2655365e+08 | L9: 206180.4 | M9: 2.3555487e-08 | N9: Intercept | O9: -72.915448 | P9: 39.352691 | Q9: =P9*SQRT(G13) -> 87.995292 | R9: -1.8528707 | S9: 0.160965 | T9: -198.15327 | U9: 52.322377 | V9: -198.15327 | W9: 52.322377 | X9: =3.3*Q9/O10 -> 0.008365621 | Y9: =10*Q9/O10 -> 0.025350367
A10: 43838 | B10: 2 | C10: 0.1 | D10: 3479.3613 | E10: =D10-$D$8 -> 3400.9128 | F10: R Square | G10: 0.99998545 | H10: Residual | I10: 3 | J10: 10571.62 | K10: 3523.8735 | N10: X Variable 1 | O10: 34711.645 | P10: 76.445424 | R10: 454.07092 | S10: 2.3555487e-08 | T10: 34468.361 | U10: 34954.928 | V10: 34468.361 | W10: 34954.928
A11: 43838 | B11: 2 | C11: 0.25 | D11: 8712.5977 | E11: =D11-$D$8 -> 8634.1492 | F11: Adjusted R Square | G11: 0.9999806 | H11: Total | I11: 4 | J11: 7.2656423e+08
A12: 43838 | B12: 2 | C12: 0.5 | D12: 17272.132 | E12: =D12-$D$8 -> 17193.684 | F12: Standard Error | G12: 59.362222
A13: 43838 | B13: 2 | C13: 1 | D13: 34753.163 | E13: =D13-$D$8 -> 34674.715 | F13: Observations | G13: 5
A14: 43838 | B14: 3 | C14: 0 | D14: 92.446708 | E14: =D14-$D$14 -> 0 | F14: Regression Statistics | I14: df | J14: SS | K14: MS | L14: F | M14: Significance F | O14: Coefficients | P14: SE | Q14: SD | R14: t Stat | S14: P-value | T14: Lower 95% | U14: Upper 95% | V14: Lower 95.0% | W14: Upper 95.0%
A15: 43838 | B15: 3 | C15: 0.05 | D15: 1708.7904 | E15: =D15-$D$14 -> 1616.3437 | F15: Multiple R | G15: 0.99998627 | H15: Regression | I15: 1 | J15: 6.7486747e+08 | K15: 6.7486747e+08 | L15: 109262.55 | M15: 6.1058962e-08 | N15: Intercept | O15: -54.939655 | P15: 52.100016 | Q15: =P15*SQRT(G19) -> 116.49918 | R15: -1.0545036 | S15: 0.36907354 | T15: -220.74516 | U15: 110.86585 | V15: -220.74516 | W15: 110.86585 | X15: =3.3*Q15/O16 -> 0.011491751 | Y15: =10*Q15/O16 -> 0.034823488
A16: 43838 | B16: 3 | C16: 0.1 | D16: 3307.5658 | E16: =D16-$D$14 -> 3215.1191 | F16: R Square | G16: 0.99997254 | H16: Residual | I16: 3 | J16: 18529.7 | K16: 6176.5668 | N16: X Variable 1 | O16: 33454.195 | P16: 101.20802 | R16: 330.54887 | S16: 6.1058962e-08 | T16: 33132.106 | U16: 33776.285 | V16: 33132.106 | W16: 33776.285
A17: 43838 | B17: 3 | C17: 0.25 | D17: 8511.0406 | E17: =D17-$D$14 -> 8418.5939 | F17: Adjusted R Square | G17: 0.99996339 | H17: Total | I17: 4 | J17: 6.74886e+08
A18: 43838 | B18: 3 | C18: 0.5 | D18: 16737.987 | E18: =D18-$D$14 -> 16645.541 | F18: Standard Error | G18: 78.591137
A19: 43838 | B19: 3 | C19: 1 | D19: 33485.122 | E19: =D19-$D$14 -> 33392.676 | F19: Observations | G19: 5
A20: 43789 | B20: 1 | C20: 0 | D20: 119.67924 | E20: =D20-$D$20 -> 0 | F20: Regression Statistics | I20: df | J20: SS | K20: MS | L20: F | M20: Significance F | O20: Coefficients | P20: SE | Q20: SD | R20: t Stat | S20: P-value | T20: Lower 95% | U20: Upper 95% | V20: Lower 95.0% | W20: Upper 95.0%
A21: 43789 | B21: 1 | C21: 0.05 | D21: 2770.17 | E21: =D21-$D$20 -> 2650.4908 | F21: Multiple R | G21: 0.9999908 | H21: Regression | I21: 1 | J21: 1.5196273e+09 | K21: 1.5196273e+09 | L21: 162961.55 | M21: 3.352227e-08 | N21: Intercept | O21: 168.7653 | P21: 64.016252 | Q21: =P21*SQRT(G25) -> 143.14469 | R21: 2.6362884 | S21: 0.077903499 | T21: -34.962982 | U21: 372.49358 | V21: -34.962982 | W21: 372.49358 | X21: =3.3*Q21/O22 -> 0.0094097763 | Y21: =10*Q21/O22 -> 0.028514474
A22: 43789 | B22: 1 | C22: 0.1 | D22: 5217.8709 | E22: =D22-$D$20 -> 5098.1917 | F22: R Square | G22: 0.99998159 | H22: Residual | I22: 3 | J22: 27975.198 | K22: 9325.0661 | N22: X Variable 1 | O22: 50200.713 | P22: 124.35616 | R22: 403.68497 | S22: 3.352227e-08 | T22: 49804.956 | U22: 50596.47 | V22: 49804.956 | W22: 50596.47
A23: 43789 | B23: 1 | C23: 0.25 | D23: 12919.734 | E23: =D23-$D$20 -> 12800.055 | F23: Adjusted R Square | G23: 0.99997545 | H23: Total | I23: 4 | J23: 1.5196552e+09
A24: 43789 | B24: 1 | C24: 0.5 | D24: 25484.084 | E24: =D24-$D$20 -> 25364.405 | F24: Standard Error | G24: 96.566382
A25: 43789 | B25: 1 | C25: 1 | D25: 50431.718 | E25: =D25-$D$20 -> 50312.039 | F25: Observations | G25: 5
A26: 43888 | B26: 1 | C26: 0 | D26: 188.65828 | E26: =D26-$D$26 -> 0 | F26: Regression Statistics | I26: df | J26: SS | K26: MS | L26: F | M26: Significance F | O26: Coefficients | P26: SE | Q26: SD | R26: t Stat | S26: P-value | T26: Lower 95% | U26: Upper 95% | V26: Lower 95.0% | W26: Upper 95.0%
A27: 43888 | B27: 1 | C27: 0.05 | D27: 2794.6898 | E27: =D27-$D$26 -> 2606.0315 | F27: Multiple R | G27: 0.9999841 | H27: Regression | I27: 1 | J27: 1.801213e+09 | K27: 1.801213e+09 | L27: 94360.916 | M27: 7.6079204e-08 | N27: Intercept | O27: -225.90476 | P27: 91.590567 | Q27: =P27*SQRT(G31) -> 204.80273 | R27: -2.4664631 | S27: 0.090347476 | T27: -517.38682 | U27: 65.577305 | V27: -517.38682 | W27: 65.577305 | X27: =3.3*Q27/O28 -> 0.012365902 | Y27: =10*Q27/O28 -> 0.037472431
A28: 43888 | B28: 1 | C28: 0.1 | D28: 5484.2008 | E28: =D28-$D$26 -> 5295.5425 | F28: R Square | G28: 0.99996821 | H28: Residual | I28: 3 | J28: 57265.649 | K28: 19088.55 | N28: X Variable 1 | O28: 54654.243 | P28: 177.92125 | R28: 307.18222 | S28: 7.6079204e-08 | T28: 54088.018 | U28: 55220.468 | V28: 54088.018 | W28: 55220.468
A29: 43888 | B29: 1 | C29: 0.25 | D29: 13547.074 | E29: =D29-$D$26 -> 13358.416 | F29: Adjusted R Square | G29: 0.99995761 | H29: Total | I29: 4 | J29: 1.8012703e+09
A30: 43888 | B30: 1 | C30: 0.5 | D30: 27119.369 | E30: =D30-$D$26 -> 26930.711 | F30: Standard Error | G30: 138.16132
A31: 43888 | B31: 1 | C31: 1 | D31: 54711.497 | E31: =D31-$D$26 -> 54522.838 | F31: Observations | G31: 5
A32: 43888 | B32: 2 | C32: 0 | D32: 243.42401 | E32: =D32-$D$32 -> 0 | F32: Regression Statistics | I32: df | J32: SS | K32: MS | L32: F | M32: Significance F | O32: Coefficients | P32: SE | R32: t Stat | S32: P-value | T32: Lower 95% | U32: Upper 95% | V32: Lower 95.0% | W32: Upper 95.0%
A33: 43888 | B33: 2 | C33: 0.05 | D33: 2597.6551 | E33: =D33-$D$32 -> 2354.2311 | F33: Multiple R | G33: 0.99998361 | H33: Regression | I33: 1 | J33: 1.5076889e+09 | K33: 1.5076889e+09 | L33: 91489.328 | M33: 7.9688931e-08 | N33: Intercept | O33: -126.22833 | P33: 85.101053 | Q33: =P33*SQRT(G37) -> 190.29174 | R33: -1.4832757 | S33: 0.23463685 | T33: -397.05786 | U33: 144.6012 | V33: -397.05786 | W33: 144.6012 | X33: =3.3*Q33/O34 -> 0.012558468 | Y33: =10*Q33/O34 -> 0.038055963
A34: 43888 | B34: 2 | C34: 0.1 | D34: 5160.3576 | E34: =D34-$D$32 -> 4916.9336 | F34: R Square | G34: 0.99996721 | H34: Residual | I34: 3 | J34: 49438.19 | K34: 16479.397 | N34: X Variable 1 | O34: 50003.133 | P34: 165.3149 | R34: 302.47203 | S34: 7.9688931e-08 | T34: 49477.027 | U34: 50529.239 | V34: 49477.027 | W34: 50529.239
A35: 43888 | B35: 2 | C35: 0.25 | D35: 12714.084 | E35: =D35-$D$32 -> 12470.66 | F35: Adjusted R Square | G35: 0.99995628 | H35: Total | I35: 4 | J35: 1.5077384e+09
A36: 43888 | B36: 2 | C36: 0.5 | D36: 24934.902 | E36: =D36-$D$32 -> 24691.478 | F36: Standard Error | G36: 128.3721
A37: 43888 | B37: 2 | C37: 1 | D37: 50184.932 | E37: =D37-$D$32 -> 49941.508 | F37: Observations | G37: 5

Sheet tungsten_W
A1: Date | B1: No_cal | C1: Std_conc (ppb) | D1: W (cps) | E1: W (BLK corrected) | F1: SUMMARY OUTPUT | H1: ANOVA
A2: 43838 | B2: 1 | C2: 0 | D2: 6 | E2: =D2-$D$2 -> 0 | F2: Regression Statistics | I2: df | J2: SS | K2: MS | L2: F | M2: Significance F | O2: Coefficients | P2: SE | Q2: SD | R2: t Stat | S2: P-value | T2: Lower 95% | U2: Upper 95% | V2: Lower 95.0% | W2: Upper 95.0% | X2: LOD (µg/L) | Y2: LOQ (µg/L)
A3: 43838 | B3: 1 | C3: 0.01 | D3: 204 | E3: =D3-$D$2 -> 198 | F3: Multiple R | G3: 0.9998912 | H3: Regression | I3: 1 | J3: 10512128 | K3: 10512128 | L3: 13784.444 | M3: 1.3623022e-06 | N3: Intercept | O3: -23.610282 | P3: 18.306907 | Q3: =P3*SQRT(G7) -> 40.935489 | R3: -1.2896926 | S3: 0.28758553 | T3: -81.871031 | U3: 34.650467 | V3: -81.871031 | W3: 34.650467 | X3: =3.3*Q3/O4 -> 0.0064707892 | Y3: =10*Q3/O4 -> 0.019608452
A4: 43838 | B4: 1 | C4: 0.02 | D4: 391 | E4: =D4-$D$2 -> 385 | F4: R Square | G4: 0.99978241 | H4: Residual | I4: 3 | J4: 2287.8242 | K4: 762.60807 | N4: X Variable 1 | O4: 20876.451 | P4: 177.8124 | R4: 117.40717 | S4: 1.3623022e-06 | T4: 20310.573 | U4: 21442.329 | V4: 20310.573 | W4: 21442.329
A5: 43838 | B5: 1 | C5: 0.05 | D5: 1046 | E5: =D5-$D$2 -> 1040 | F5: Adjusted R Square | G5: 0.99970988 | H5: Total | I5: 4 | J5: 10514416
A6: 43838 | B6: 1 | C6: 0.1 | D6: 2032 | E6: =D6-$D$2 -> 2026 | F6: Standard Error | G6: 27.615359
A7: 43838 | B7: 1 | C7: 0.2 | D7: 4172 | E7: =D7-$D$2 -> 4166 | F7: Observations | G7: 5
A8: 43838 | B8: 2 | C8: 0 | D8: 5 | E8: =D8-$D$8 -> 0 | F8: Regression Statistics | I8: df | J8: SS | K8: MS | L8: F | M8: Significance F | O8: Coefficients | P8: SE | Q8: SD | R8: t Stat | S8: P-value | T8: Lower 95% | U8: Upper 95% | V8: Lower 95.0% | W8: Upper 95.0%
A9: 43838 | B9: 2 | C9: 0.01 | D9: 209 | E9: =D9-$D$8 -> 204 | F9: Multiple R | G9: 0.99997099 | H9: Regression | I9: 1 | J9: 8549129.1 | K9: 8549129.1 | L9: 51696.775 | M9: 1.876054e-07 | N9: Intercept | O9: 11.577114 | P9: 8.5249824 | Q9: =P9*SQRT(G13) -> 19.06244 | R9: 1.3580221 | S9: 0.26756736 | T9: -15.553184 | U9: 38.707413 | V9: -15.553184 | W9: 38.707413 | X9: =3.3*Q9/O10 -> 0.003341336 | Y9: =10*Q9/O10 -> 0.010125261
A10: 43838 | B10: 2 | C10: 0.02 | D10: 381 | E10: =D10-$D$8 -> 376 | F10: R Square | G10: 0.99994197 | H10: Residual | I10: 3 | J10: 496.11194 | K10: 165.37065 | N10: X Variable 1 | O10: 18826.617 | P10: 82.801949 | R10: 227.36925 | S10: 1.876054e-07 | T10: 18563.104 | U10: 19090.13 | V10: 18563.104 | W10: 19090.13
A11: 43838 | B11: 2 | C11: 0.05 | D11: 956 | E11: =D11-$D$8 -> 951 | F11: Adjusted R Square | G11: 0.99992263 | H11: Total | I11: 4 | J11: 8549625.2
A12: 43838 | B12: 2 | C12: 0.1 | D12: 1916 | E12: =D12-$D$8 -> 1911 | F12: Standard Error | G12: 12.859652
A13: 43838 | B13: 2 | C13: 0.2 | D13: 3775 | E13: =D13-$D$8 -> 3770 | F13: Observations | G13: 5
A14: 43838 | B14: 3 | C14: 0 | D14: 5 | E14: =D14-$D$8 -> 0 | F14: Regression Statistics | I14: df | J14: SS | K14: MS | L14: F | M14: Significance F | O14: Coefficients | P14: SE | Q14: SD | R14: t Stat | S14: P-value | T14: Lower 95% | U14: Upper 95% | V14: Lower 95.0% | W14: Upper 95.0%
A15: 43838 | B15: 3 | C15: 0.01 | D15: 193 | E15: =D15-$D$8 -> 188 | F15: Multiple R | G15: 0.99976348 | H15: Regression | I15: 1 | J15: 8182267.2 | K15: 8182267.2 | L15: 6339.61 | M15: 4.3664689e-06 | N15: Intercept | O15: 13.613599 | P15: 23.816056 | Q15: =P15*SQRT(G19) -> 53.25432 | R15: 0.57161432 | S15: 0.60760346 | T15: -62.17972 | U15: 89.406918 | V15: -62.17972 | W15: 89.406918 | X15: =3.3*Q15/O16 -> 0.0095415868 | Y15: =10*Q15/O16 -> 0.028913899
A16: 43838 | B16: 3 | C16: 0.02 | D16: 363 | E16: =D16-$D$8 -> 358 | F16: R Square | G16: 0.99952701 | H16: Residual | I16: 3 | J16: 3871.9735 | K16: 1290.6578 | N16: X Variable 1 | O16: 18418.242 | P16: 231.32198 | R16: 79.621668 | S16: 4.3664689e-06 | T16: 17682.072 | U16: 19154.412 | V16: 17682.072 | W16: 19154.412
A17: 43838 | B17: 3 | C17: 0.05 | D17: 993 | E17: =D17-$D$8 -> 988 | F17: Adjusted R Square | G17: 0.99936934 | H17: Total | I17: 4 | J17: 8186139.2
A18: 43838 | B18: 3 | C18: 0.1 | D18: 1842 | E18: =D18-$D$8 -> 1837 | F18: Standard Error | G18: 35.925726
A19: 43838 | B19: 3 | C19: 0.2 | D19: 3701 | E19: =D19-$D$8 -> 3696 | F19: Observations | G19: 5
A20: 43789 | B20: 1 | C20: 0 | D20: 1.7500003 | E20: =D20-$D$20 -> 0 | F20: Regression Statistics | I20: df | J20: SS | K20: MS | L20: F | M20: Significance F | O20: Coefficients | P20: SE | Q20: SD | R20: t Stat | S20: P-value | T20: Lower 95% | U20: Upper 95% | V20: Lower 95.0% | W20: Upper 95.0%
A21: 43789 | B21: 1 | C21: 0.01 | D21: 278.75242 | E21: =D21-$D$20 -> 277.00242 | F21: Multiple R | G21: 0.99993883 | H21: Regression | I21: 1 | J21: 17202512 | K21: 17202512 | L21: 24520.402 | M21: 5.7426932e-07 | N21: Intercept | O21: 25.019346 | P21: 17.558865 | Q21: =P21*SQRT(G25) -> 39.262815 | R21: 1.424884 | S21: 0.24940867 | T21: -30.860798 | U21: 80.89949 | V21: -30.860798 | W21: 80.89949 | X21: =3.3*Q21/O22 -> 0.0048516346 | Y21: =10*Q21/O22 -> 0.014701923
A22: 43789 | B22: 1 | C22: 0.02 | D22: 549.01024 | E22: =D22-$D$20 -> 547.26024 | F22: R Square | G22: 0.99987767 | H22: Residual | I22: 3 | J22: 2104.6775 | K22: 701.55916 | N22: X Variable 1 | O22: 26705.904 | P22: 170.54677 | R22: 156.58992 | S22: 5.7426932e-07 | T22: 26163.148 | U22: 27248.66 | V22: 26163.148 | W22: 27248.66
A23: 43789 | B23: 1 | C23: 0.05 | D23: 1402.3185 | E23: =D23-$D$20 -> 1400.5685 | F23: Adjusted R Square | G23: 0.99983689 | H23: Total | I23: 4 | J23: 17204617
A24: 43789 | B24: 1 | C24: 0.1 | D24: 2687.0021 | E24: =D24-$D$20 -> 2685.2521 | F24: Standard Error | G24: 26.486962
A25: 43789 | B25: 1 | C25: 0.2 | D25: 5365.0071 | E25: =D25-$D$20 -> 5363.2571 | F25: Observations | G25: 5
A26: 43888 | B26: 1 | C26: 0 | D26: 1.4996906 | E26: =D26-$D$26 -> 0 | F26: Regression Statistics | I26: df | J26: SS | K26: MS | L26: F | M26: Significance F | O26: Coefficients | P26: SE | Q26: SD | R26: t Stat | S26: P-value | T26: Lower 95% | U26: Upper 95% | V26: Lower 95.0% | W26: Upper 95.0%
A27: 43888 | B27: 1 | C27: 0.01 | D27: 248.00185 | E27: =D27-$D$26 -> 246.50216 | F27: Multiple R | G27: 0.99994262 | H27: Regression | I27: 1 | J27: 14099923 | K27: 14099923 | L27: 26137.006 | M27: 5.2182776e-07 | N27: Intercept | O27: 7.4429997 | P27: 15.397306 | Q27: =P27*SQRT(G31) -> 34.429422 | R27: 0.48339625 | S27: 0.66190073 | T27: -41.558098 | U27: 56.444098 | V27: -41.558098 | W27: 56.444098 | X27: =3.3*Q27/O28 -> 0.0046992003 | Y27: =10*Q27/O28 -> 0.014240001
A28: 43888 | B28: 1 | C28: 0.02 | D28: 490.00841 | E28: =D28-$D$26 -> 488.50872 | F28: R Square | G28: 0.99988523 | H28: Residual | I28: 3 | J28: 1618.3861 | K28: 539.46205 | N28: X Variable 1 | O28: 24177.963 | P28: 149.55185 | R28: 161.66943 | S28: 5.2182776e-07 | T28: 23702.023 | U28: 24653.904 | V28: 23702.023 | W28: 24653.904
A29: 43888 | B29: 1 | C29: 0.05 | D29: 1243.8042 | E29: =D29-$D$26 -> 1242.3045 | F29: Adjusted R Square | G29: 0.99984698 | H29: Total | I29: 4 | J29: 14101541
A30: 43888 | B30: 1 | C30: 0.1 | D30: 2397.4513 | E30: =D30-$D$26 -> 2395.9516 | F30: Standard Error | G30: 23.226322
A31: 43888 | B31: 1 | C31: 0.2 | D31: 4853.0737 | E31: =D31-$D$26 -> 4851.574 | F31: Observations | G31: 5
A32: 43888 | B32: 2 | C32: 0 | D32: 1.7500001 | E32: =D32-$D$32 -> 0 | F32: Regression Statistics | I32: df | J32: SS | K32: MS | L32: F | M32: Significance F | O32: Coefficients | P32: SE | Q32: SD | R32: t Stat | S32: P-value | T32: Lower 95% | U32: Upper 95% | V32: Lower 95.0% | W32: Upper 95.0%
A33: 43888 | B33: 2 | C33: 0.01 | D33: 231.50158 | E33: =D33-$D$32 -> 229.75158 | F33: Multiple R | G33: 0.99980632 | H33: Regression | I33: 1 | J33: 10831308 | K33: 10831308 | L33: 7742.597 | M33: 3.2354811e-06 | N33: Intercept | O33: 33.353352 | P33: 24.794845 | Q33: =P33*SQRT(G37) -> 55.442959 | R33: 1.3451728 | S33: 0.27121617 | T33: -45.554911 | U33: 112.26161 | V33: -45.554911 | W33: 112.26161 | X33: =3.3*Q33/O34 -> 0.0086339305 | Y33: =10*Q33/O34 -> 0.026163426
A34: 43888 | B34: 2 | C34: 0.02 | D34: 443.25689 | E34: =D34-$D$32 -> 441.50689 | F34: R Square | G34: 0.99961268 | H34: Residual | I34: 3 | J34: 4196.7731 | K34: 1398.9244 | N34: X Variable 1 | O34: 21191.017 | P34: 240.82882 | R34: 87.992028 | S34: 3.2354811e-06 | T34: 20424.592 | U34: 21957.441 | V34: 20424.592 | W34: 21957.441
A35: 43888 | B35: 2 | C35: 0.05 | D35: 1096.2921 | E35: =D35-$D$32 -> 1094.5421 | F35: Adjusted R Square | G35: 0.99948358 | H35: Total | I35: 4 | J35: 10835504
A36: 43888 | B36: 2 | C36: 0.1 | D36: 2209.421 | E36: =D36-$D$32 -> 2207.671 | F36: Standard Error | G36: 37.402197
A37: 43888 | B37: 2 | C37: 0.2 | D37: 4247.6315 | E37: =D37-$D$32 -> 4245.8815 | F37: Observations | G37: 5

Sheet thallium_Tl
A1: Date | B1: No_cal | C1: Std_conc (ppb) | D1: Tl (cps) | E1: Tl (BLK corrected) | F1: SUMMARY OUTPUT | H1: ANOVA
A2: 43838 | B2: 1 | C2: 0 | D2: 2 | E2: =D2-$D$2 -> 0 | F2: Regression Statistics | I2: df | J2: SS | K2: MS | L2: F | M2: Significance F | O2: Coefficients | P2: SE | Q2: SD | R2: t Stat | S2: P-value | T2: Lower 95% | U2: Upper 95% | V2: Lower 95.0% | W2: Upper 95.0% | X2: LOD (µg/L) | Y2: LOQ (µg/L)
A3: 43838 | B3: 1 | C3: 0.05 | D3: 2900.5446 | E3: =D3-$D$2 -> 2898.5446 | F3: Multiple R | G3: 0.99999552 | H3: Regression | I3: 1 | J3: 2.1753189e+09 | K3: 2.1753189e+09 | L3: 335079.82 | M3: 1.136956e-08 | N3: Intercept | O3: -199.44548 | P3: 53.413571 | Q3: =P3*SQRT(G7) -> 119.43638 | R3: -3.7339851 | S3: 0.033482823 | T3: -369.4313 | U3: -29.459654 | V3: -369.4313 | W3: -29.459654 | X3: =3.3*Q3/O4 -> 0.006562174 | Y3: =10*Q3/O4 -> 0.019885376
A4: 43838 | B4: 1 | C4: 0.1 | D4: 5801.6781 | E4: =D4-$D$2 -> 5799.6781 | F4: R Square | G4: 0.99999105 | H4: Residual | I4: 3 | J4: 19475.828 | K4: 6491.9425 | N4: X Variable 1 | O4: 60062.418 | P4: 103.75969 | R4: 578.86079 | S4: 1.136956e-08 | T4: 59732.208 | U4: 60392.628 | V4: 59732.208 | W4: 60392.628
A5: 43838 | B5: 1 | C5: 0.25 | D5: 14726.838 | E5: =D5-$D$2 -> 14724.838 | F5: Adjusted R Square | G5: 0.99998806 | H5: Total | I5: 4 | J5: 2.1753384e+09
A6: 43838 | B6: 1 | C6: 0.5 | D6: 29803.306 | E6: =D6-$D$2 -> 29801.306 | F6: Standard Error | G6: 80.572592
A7: 43838 | B7: 1 | C7: 1 | D7: 59899 | E7: =D7-$D$2 -> 59897 | F7: Observations | G7: 5
A8: 43838 | B8: 2 | C8: 0 | D8: 12.500006 | E8: =D8-$D$8 -> 0 | F8: Regression Statistics | I8: df | J8: SS | K8: MS | L8: F | M8: Significance F | O8: Coefficients | P8: SE | Q8: SD | R8: t Stat | S8: P-value | T8: Lower 95% | U8: Upper 95% | V8: Lower 95.0% | W8: Upper 95.0%
A9: 43838 | B9: 2 | C9: 0.05 | D9: 2622.4907 | E9: =D9-$D$8 -> 2609.9907 | F9: Multiple R | G9: 0.99998038 | H9: Regression | I9: 1 | J9: 1.7341921e+09 | K9: 1.7341921e+09 | L9: 76466.248 | M9: 1.0429071e-07 | N9: Intercept | O9: -118.57802 | P9: 99.833889 | Q9: =P9*SQRT(G13) -> 223.23536 | R9: -1.1877532 | S9: 0.32039949 | T9: -436.29401 | U9: 199.13797 | V9: -436.29401 | W9: 199.13797 | X9: =3.3*Q9/O10 -> 0.013736845 | Y9: =10*Q9/O10 -> 0.041626802
A10: 43838 | B10: 2 | C10: 0.1 | D10: 5246.7135 | E10: =D10-$D$8 -> 5234.2135 | F10: R Square | G10: 0.99996077 | H10: Residual | I10: 3 | J10: 68037.551 | K10: 22679.184 | N10: X Variable 1 | O10: 53627.795 | P10: 193.93449 | R10: 276.52531 | S10: 1.0429071e-07 | T10: 53010.609 | U10: 54244.982 | V10: 53010.609 | W10: 54244.982
A11: 43838 | B11: 2 | C11: 0.25 | D11: 13400.283 | E11: =D11-$D$8 -> 13387.783 | F11: Adjusted R Square | G11: 0.99994769 | H11: Total | I11: 4 | J11: 1.7342601e+09
A12: 43838 | B12: 2 | C12: 0.5 | D12: 26487.04 | E12: =D12-$D$8 -> 26474.54 | F12: Standard Error | G12: 150.59609
A13: 43838 | B13: 2 | C13: 1 | D13: 53605.894 | E13: =D13-$D$8 -> 53593.394 | F13: Observations | G13: 5
A14: 43838 | B14: 3 | C14: 0 | D14: 23.000019 | E14: =D14-$D$14 -> 0 | F14: Regression Statistics | I14: df | J14: SS | K14: MS | L14: F | M14: Significance F | O14: Coefficients | P14: SE | Q14: SD | R14: t Stat | S14: P-value | T14: Lower 95% | U14: Upper 95% | V14: Lower 95.0% | W14: Upper 95.0%
A15: 43838 | B15: 3 | C15: 0.05 | D15: 2457.9616 | E15: =D15-$D$14 -> 2434.9616 | F15: Multiple R | G15: 0.99998547 | H15: Regression | I15: 1 | J15: 1.5822105e+09 | K15: 1.5822105e+09 | L15: 103263.06 | M15: 6.6456598e-08 | N15: Intercept | O15: -146.53606 | P15: 82.058564 | Q15: =P15*SQRT(G19) -> 183.48853 | R15: -1.7857497 | S15: 0.17212123 | T15: -407.68303 | U15: 114.61091 | V15: -407.68303 | W15: 114.61091 | X15: =3.3*Q15/O16 -> 0.011820868 | Y15: =10*Q15/O16 -> 0.035820813
A16: 43838 | B16: 3 | C16: 0.1 | D16: 5068.6491 | E16: =D16-$D$14 -> 5045.6491 | F16: R Square | G16: 0.99997095 | H16: Residual | I16: 3 | J16: 45966.403 | K16: 15322.134 | N16: X Variable 1 | O16: 51223.998 | P16: 159.40465 | R16: 321.34571 | S16: 6.6456598e-08 | T16: 50716.702 | U16: 51731.295 | V16: 50716.702 | W16: 51731.295
A17: 43838 | B17: 3 | C17: 0.25 | D17: 12695.891 | E17: =D17-$D$14 -> 12672.891 | F17: Adjusted R Square | G17: 0.99996127 | H17: Total | I17: 4 | J17: 1.5822565e+09
A18: 43838 | B18: 3 | C18: 0.5 | D18: 25304.143 | E18: =D18-$D$14 -> 25281.143 | F18: Standard Error | G18: 123.78261
A19: 43838 | B19: 3 | C19: 1 | D19: 51181.272 | E19: =D19-$D$14 -> 51158.272 | F19: Observations | G19: 5
A20: 43789 | B20: 1 | C20: 0 | D20: 2 | E20: =D20-$D$20 -> 0 | F20: Regression Statistics | I20: df | J20: SS | K20: MS | L20: F | M20: Significance F | O20: Coefficients | P20: SE | Q20: SD | R20: t Stat | S20: P-value | T20: Lower 95% | U20: Upper 95% | V20: Lower 95.0% | W20: Upper 95.0%
A21: 43789 | B21: 1 | C21: 0.05 | D21: 3374.1485 | E21: =D21-$D$20 -> 3372.1485 | F21: Multiple R | G21: 0.99988693 | H21: Regression | I21: 1 | J21: 2.3220926e+09 | K21: 2.3220926e+09 | L21: 13264.252 | M21: 1.4432073e-06 | N21: Intercept | O21: 554.71154 | P21: 277.37203 | Q21: =P21*SQRT(G25) -> 620.22271 | R21: 1.9998828 | S21: 0.13934179 | T21: -328.01004 | U21: 1437.4331 | V21: -328.01004 | W21: 1437.4331 | X21: =3.3*Q21/O22 -> 0.032982266 | Y21: =10*Q21/O22 -> 0.099946261
A22: 43789 | B22: 1 | C22: 0.1 | D22: 6627.2871 | E22: =D22-$D$20 -> 6625.2871 | F22: R Square | G22: 0.99977388 | H22: Residual | I22: 3 | J22: 525191.89 | K22: 175063.96 | N22: X Variable 1 | O22: 62055.619 | P22: 538.81506 | R22: 115.17054 | S22: 1.4432073e-06 | T22: 60340.869 | U22: 63770.369 | V22: 60340.869 | W22: 63770.369
A23: 43789 | B23: 1 | C23: 0.25 | D23: 16217.451 | E23: =D23-$D$20 -> 16215.451 | F23: Adjusted R Square | G23: 0.99969851 | H23: Total | I23: 4 | J23: 2.3226178e+09
A24: 43789 | B24: 1 | C24: 0.5 | D24: 32149.398 | E24: =D24-$D$20 -> 32147.398 | F24: Standard Error | G24: 418.40646
A25: 43789 | B25: 1 | C25: 1 | D25: 62320.949 | E25: =D25-$D$20 -> 62318.949 | F25: Observations | G25: 5
A26: 43888 | B26: 1 | C26: 0 | D26: 1.2500001 | E26: =D26-$D$26 -> 0 | F26: Regression Statistics | I26: df | J26: SS | K26: MS | L26: F | M26: Significance F | O26: Coefficients | P26: SE | Q26: SD | R26: t Stat | S26: P-value | T26: Lower 95% | U26: Upper 95% | V26: Lower 95.0% | W26: Upper 95.0%
A27: 43888 | B27: 1 | C27: 0.05 | D27: 3059.5777 | E27: =D27-$D$26 -> 3058.3277 | F27: Multiple R | G27: 0.88872087 | H27: Regression | I27: 1 | J27: 2.7905368e+09 | K27: 2.7905368e+09 | L27: 11.273805 | M27: 0.043809587 | N27: Intercept | O27: 3829.81 | P27: 10429.726 | Q27: =P27*SQRT(G31) -> 23321.576 | R27: 0.36720141 | S27: 0.73784275 | T27: -29362.232 | U27: 37021.852 | V27: -29362.232 | W27: 37021.852 | X27: =3.3*Q27/O28 -> 1.131323 | Y27: =10*Q27/O28 -> 3.4282515
A28: 43888 | B28: 1 | C28: 0.1 | D28: 6173.5839 | E28: =D28-$D$26 -> 6172.3339 | F28: R Square | G28: 0.78982479 | H28: Residual | I28: 3 | J28: 7.4257184e+08 | K28: 2.4752395e+08 | N28: X Variable 1 | O28: 68027.611 | P28: 20260.49 | R28: 3.3576488 | S28: 0.043809587 | T28: 3549.6879 | U28: 132505.53 | V28: 3549.6879 | W28: 132505.53
A29: 43888 | B29: 1 | C29: 0.25 | D29: 15471.376 | E29: =D29-$D$26 -> 15470.126 | F29: Adjusted R Square | G29: 0.71976639 | H29: Total | I29: 4 | J29: 3.5331086e+09
A30: 43888 | B30: 1 | C30: 0.5 | D30: 61851.611 | E30: =D30-$D$26 -> 61850.361 | F30: Standard Error | G30: 15732.894
A31: 43888 | B31: 1 | C31: 1 | D31: 61851.611 | E31: =D31-$D$26 -> 61850.361 | F31: Observations | G31: 5
A32: 43888 | B32: 2 | C32: 0 | D32: 1.0000001 | E32: =D32-$D$32 -> 0 | F32: Regression Statistics | I32: df | J32: SS | K32: MS | L32: F | M32: Significance F | O32: Coefficients | P32: Standard Error | Q32: SD | R32: t Stat | S32: P-value | T32: Lower 95% | U32: Upper 95% | V32: Lower 95.0% | W32: Upper 95.0%
A33: 43888 | B33: 2 | C33: 0.05 | D33: 2598.4864 | E33: =D33-$D$32 -> 2597.4864 | F33: Multiple R | G33: 0.99998433 | H33: Regression | I33: 1 | J33: 1.6301035e+09 | K33: 1.6301035e+09 | L33: 95733.934 | M33: 7.4448432e-08 | N33: Intercept | O33: 147.8178 | P33: 86.504543 | Q33: =P33*SQRT(G37) -> 193.43004 | R33: 1.7087865 | S33: 0.18602348 | T33: -127.47826 | U33: 423.11386 | V33: -127.47826 | W33: 423.11386 | X33: =3.3*Q33/O34 -> 0.012276906 | Y33: =10*Q33/O34 -> 0.037202745
A34: 43888 | B34: 2 | C34: 0.1 | D34: 5353.0029 | E34: =D34-$D$32 -> 5352.0029 | F34: R Square | G34: 0.99996866 | H34: Residual | I34: 3 | J34: 51082.31 | K34: 17027.437 | N34: X Variable 1 | O34: 51993.486 | P34: 168.04128 | R34: 309.40901 | S34: 7.4448432e-08 | T34: 51458.703 | U34: 52528.268 | V34: 51458.703 | W34: 52528.268
A35: 43888 | B35: 2 | C35: 0.25 | D35: 13299.939 | E35: =D35-$D$32 -> 13298.939 | F35: Adjusted R Square | G35: 0.99995822 | H35: Total | I35: 4 | J35: 1.6301546e+09
A36: 43888 | B36: 2 | C36: 0.5 | D36: 26192.741 | E36: =D36-$D$32 -> 26191.741 | F36: Standard Error | G36: 130.48922
A37: 43888 | B37: 2 | C37: 1 | D37: 52087.542 | E37: =D37-$D$32 -> 52086.542 | F37: Observations | G37: 5

Sheet lead_Pb
A1: Date | B1: No_cal | C1: Std_conc (ppb) | D1: Pb (cps) | E1: Pb (BLK corrected) | F1: SUMMARY OUTPUT | H1: ANOVA
A2: 43838 | B2: 1 | C2: 0 | D2: 193.2505 | E2: =D2-$D$2 -> 0 | F2: Regression Statistics | I2: df | J2: SS | K2: MS | L2: F | M2: Significance F | O2: Coefficients | P2: SE | Q2: SD | R2: t Stat | S2: P-value | T2: Lower 95% | U2: Upper 95% | V2: Lower 95.0% | W2: Upper 95.0% | X2: LOD (µg/L) | Y2: LOQ (µg/L)
A3: 43838 | B3: 1 | C3: 0.05 | D3: 3902.7108 | E3: =D3-$D$2 -> 3709.4603 | F3: Multiple R | G3: 0.9999416 | H3: Regression | I3: 1 | J3: 3.7645316e+09 | K3: 3.7645316e+09 | L3: 25683.498 | M3: 5.357086e-07 | N3: Intercept | O3: -440.94516 | P3: 253.80061 | Q3: =P3*SQRT(G7) -> 567.51542 | R3: -1.7373684 | S3: 0.18071587 | T3: -1248.652 | U3: 366.76166 | V3: -1248.652 | W3: 366.76166 | X3: =3.3*Q3/O4 -> 0.023702535 | Y3: =10*Q3/O4 -> 0.071825863
A4: 43838 | B4: 1 | C4: 0.1 | D4: 7860.1001 | E4: =D4-$D$2 -> 7666.8496 | F4: R Square | G4: 0.99988321 | H4: Residual | I4: 3 | J4: 439721.83 | K4: 146573.94 | N4: X Variable 1 | O4: 79012.684 | P4: 493.02589 | R4: 160.26072 | S4: 5.357086e-07 | T4: 77443.656 | U4: 80581.713 | V4: 77443.656 | W4: 80581.713
A5: 43838 | B5: 1 | C5: 0.25 | D5: 19345.4 | E5: =D5-$D$2 -> 19152.149 | F5: Adjusted R Square | G5: 0.99984428 | H5: Total | I5: 4 | J5: 3.7649713e+09
A6: 43838 | B6: 1 | C6: 0.5 | D6: 38747.45 | E6: =D6-$D$2 -> 38554.199 | F6: Standard Error | G6: 382.84977
A7: 43838 | B7: 1 | C7: 1 | D7: 79029.966 | E7: =D7-$D$2 -> 78836.716 | F7: Observations | G7: 5
A8: 43838 | B8: 2 | C8: 0 | D8: 183.00044 | E8: =D8-$D$8 -> 0 | F8: Regression Statistics | I8: df | J8: SS | K8: MS | L8: F | M8: Significance F | O8: Coefficients | P8: SE | Q8: SD | R8: t Stat | S8: P-value | T8: Lower 95% | U8: Upper 95% | V8: Lower 95.0% | W8: Upper 95.0%
A9: 43838 | B9: 2 | C9: 0.05 | D9: 3543.6725 | E9: =D9-$D$8 -> 3360.6721 | F9: Multiple R | G9: 0.99999092 | H9: Regression | I9: 1 | J9: 2.9269849e+09 | K9: 2.9269849e+09 | L9: 165274.07 | M9: 3.2821181e-08 | N9: Intercept | O9: -45.200828 | P9: 88.221038 | Q9: =P9*SQRT(G13) -> 197.26824 | R9: -0.51235883 | S9: 0.64373643 | T9: -325.95954 | U9: 235.55789 | V9: -325.95954 | W9: 235.55789 | X9: =3.3*Q9/O10 -> 0.0093437136 | Y9: =10*Q9/O10 -> 0.028314284
A10: 43838 | B10: 2 | C10: 0.1 | D10: 7028.1755 | E10: =D10-$D$8 -> 6845.175 | F10: R Square | G10: 0.99998185 | H10: Residual | I10: 3 | J10: 53129.658 | K10: 17709.886 | N10: X Variable 1 | O10: 69670.926 | P10: 171.37569 | R10: 406.53914 | S10: 3.2821181e-08 | T10: 69125.533 | U10: 70216.32 | V10: 69125.533 | W10: 70216.32
A11: 43838 | B11: 2 | C11: 0.25 | D11: 17755.597 | E11: =D11-$D$8 -> 17572.597 | F11: Adjusted R Square | G11: 0.9999758 | H11: Total | I11: 4 | J11: 2.927038e+09
A12: 43838 | B12: 2 | C12: 0.5 | D12: 34958.833 | E12: =D12-$D$8 -> 34775.833 | F12: Standard Error | G12: 133.0785
A13: 43838 | B13: 2 | C13: 1 | D13: 69777.48 | E13: =D13-$D$8 -> 69594.479 | F13: Observations | G13: 5
A14: 43838 | B14: 3 | C14: 0 | D14: 223.75065 | E14: =D14-$D$14 -> 0 | F14: Regression Statistics | I14: df | J14: SS | K14: MS | L14: F | M14: Significance F | O14: Coefficients | P14: SE | Q14: SD | R14: t Stat | S14: P-value | T14: Lower 95% | U14: Upper 95% | V14: Lower 95.0% | W14: Upper 95.0%
A15: 43838 | B15: 3 | C15: 0.05 | D15: 3409.9088 | E15: =D15-$D$14 -> 3186.1581 | F15: Multiple R | G15: 0.99994545 | H15: Regression | I15: 1 | J15: 2.7218083e+09 | K15: 2.7218083e+09 | L15: 27494.304 | M15: 4.8367071e-07 | N15: Intercept | O15: -218.84764 | P15: 208.57953 | Q15: =P15*SQRT(G19) -> 466.39801 | R15: -1.0492287 | S15: 0.37114309 | T15: -882.64079 | U15: 444.94552 | V15: -882.64079 | W15: 444.94552 | X15: =3.3*Q15/O16 -> 0.022908704 | Y15: =10*Q15/O16 -> 0.069420314
A16: 43838 | B16: 3 | C16: 0.1 | D16: 6762.6276 | E16: =D16-$D$14 -> 6538.8769 | F16: R Square | G16: 0.9998909 | H16: Residual | I16: 3 | J16: 296986.06 | K16: 98995.354 | N16: X Variable 1 | O16: 67184.659 | P16: 405.1807 | R16: 165.81406 | S16: 4.8367071e-07 | T16: 65895.193 | U16: 68474.124 | V16: 65895.193 | W16: 68474.124
A17: 43838 | B17: 3 | C17: 0.25 | D17: 17008.238 | E17: =D17-$D$14 -> 16784.487 | F17: Adjusted R Square | G17: 0.99985453 | H17: Total | I17: 4 | J17: 2.7221053e+09
A18: 43838 | B18: 3 | C18: 0.5 | D18: 33128.843 | E18: =D18-$D$14 -> 32905.093 | F18: Standard Error | G18: 314.63527
A19: 43838 | B19: 3 | C19: 1 | D19: 67365.749 | E19: =D19-$D$14 -> 67141.998 | F19: Observations | G19: 5
A20: 43789 | B20: 1 | C20: 0 | D20: 88.2501 | E20: =D20-$D$20 -> 0 | F20: Regression Statistics | I20: df | J20: SS | K20: MS | L20: F | M20: Significance F | O20: Coefficients | P20: SE | Q20: SD | R20: t Stat | S20: P-value | T20: Lower 95% | U20: Upper 95% | V20: Lower 95.0% | W20: Upper 95.0%
A21: 43789 | B21: 1 | C21: 0.05 | D21: 4430.7677 | E21: =D21-$D$20 -> 4342.5176 | F21: Multiple R | G21: 0.99993787 | H21: Regression | I21: 1 | J21: 3.8513584e+09 | K21: 3.8513584e+09 | L21: 24142.608 | M21: 5.8780019e-07 | N21: Intercept | O21: 687.24591 | P21: 264.77633 | Q21: =P21*SQRT(G25) -> 592.05787 | R21: 2.5955716 | S21: 0.080684119 | T21: -155.39054 | U21: 1529.8824 | V21: -155.39054 | W21: 1529.8824 | X21: =3.3*Q21/O22 -> 0.024447237 | Y21: =10*Q21/O22 -> 0.074082537
A22: 43789 | B22: 1 | C22: 0.1 | D22: 8596.0116 | E22: =D22-$D$20 -> 8507.7615 | F22: R Square | G22: 0.99987575 | H22: Residual | I22: 3 | J22: 478576.1 | K22: 159525.37 | N22: X Variable 1 | O22: 79918.681 | P22: 514.34701 | R22: 155.37892 | S22: 5.8780019e-07 | T22: 78281.799 | U22: 81555.563 | V22: 78281.799 | W22: 81555.563
A23: 43789 | B23: 1 | C23: 0.25 | D23: 21269.192 | E23: =D23-$D$20 -> 21180.942 | F23: Adjusted R Square | G23: 0.99983434 | H23: Total | I23: 4 | J23: 3.8518369e+09
A24: 43789 | B24: 1 | C24: 0.5 | D24: 40919.491 | E24: =D24-$D$20 -> 40831.241 | F24: Standard Error | G24: 399.40627
A25: 43789 | B25: 1 | C25: 1 | D25: 80507.512 | E25: =D25-$D$20 -> 80419.262 | F25: Observations | G25: 5
A26: 43888 | B26: 1 | C26: 0 | D26: 148.25029 | E26: =D26-$D$26 -> 0 | F26: Regression Statistics | I26: df | J26: SS | K26: MS | L26: F | M26: Significance F | O26: Coefficients | P26: SE | Q26: SD | R26: t Stat | S26: P-value | T26: Lower 95% | U26: Upper 95% | V26: Lower 95.0% | W26: Upper 95.0%
A27: 43888 | B27: 1 | C27: 0.05 | D27: 4118.7321 | E27: =D27-$D$26 -> 3970.4818 | F27: Multiple R | G27: 0.99997416 | H27: Regression | I27: 1 | J27: 4.0881753e+09 | K27: 4.0881753e+09 | L27: 58055.249 | M27: 1.576455e-07 | N27: Intercept | O27: -245.2525 | P27: 175.9172 | Q27: =P27*SQRT(G31) -> 393.36281 | R27: -1.394136 | S27: 0.25758951 | T27: -805.09953 | U27: 314.59452 | V27: -805.09953 | W27: 314.59452 | X27: =3.3*Q27/O28 -> 0.01576526 | Y27: =10*Q27/O28 -> 0.047773515
A28: 43888 | B28: 1 | C28: 0.1 | D28: 8219.4296 | E28: =D28-$D$26 -> 8071.1794 | F28: R Square | G28: 0.99994833 | H28: Residual | I28: 3 | J28: 211256.11 | K28: 70418.703 | N28: X Variable 1 | O28: 82339.097 | P28: 341.73177 | R28: 240.94657 | S28: 1.576455e-07 | T28: 81251.554 | U28: 83426.64 | V28: 81251.554 | W28: 83426.64
A29: 43888 | B29: 1 | C29: 0.25 | D29: 20531.548 | E29: =D29-$D$26 -> 20383.298 | F29: Adjusted R Square | G29: 0.9999311 | H29: Total | I29: 4 | J29: 4.0883866e+09
A30: 43888 | B30: 1 | C30: 0.5 | D30: 40670.661 | E30: =D30-$D$26 -> 40522.411 | F30: Standard Error | G30: 265.36523
A31: 43888 | B31: 1 | C31: 1 | D31: 82418.902 | E31: =D31-$D$26 -> 82270.652 | F31: Observations | G31: 5
A32: 43888 | B32: 2 | C32: 0 | D32: 246.00147 | E32: =D32-$D$32 -> 0 | F32: Regression Statistics | I32: df | J32: SS | K32: MS | L32: F | M32: Significance F | O32: Coefficients | P32: SE | R32: t Stat | S32: P-value | T32: Lower 95% | U32: Upper 95% | V32: Lower 95.0% | W32: Upper 95.0%
A33: 43888 | B33: 2 | C33: 0.05 | D33: 3575.4246 | E33: =D33-$D$32 -> 3329.4231 | F33: Multiple R | G33: 0.99998131 | H33: Regression | I33: 1 | J33: 2.8033991e+09 | K33: 2.8033991e+09 | L33: 80274.057 | M33: 9.6959073e-08 | N33: Intercept | O33: 48.524604 | P33: 123.88512 | Q33: =P33*SQRT(G37) -> 277.01555 | R33: 0.39169034 | S33: 0.72145223 | T33: -345.73313 | U33: 442.78234 | V33: -345.73313 | W33: 442.78234 | X33: =3.3*Q33/O34 -> 0.013407082 | Y33: =10*Q33/O34 -> 0.040627522
A34: 43888 | B34: 2 | C34: 0.1 | D34: 7030.1823 | E34: =D34-$D$32 -> 6784.1809 | F34: R Square | G34: 0.99996263 | H34: Residual | I34: 3 | J34: 104768.56 | K34: 34922.853 | N34: X Variable 1 | O34: 68184.209 | P34: 240.65573 | R34: 283.32677 | S34: 9.6959073e-08 | T34: 67418.335 | U34: 68950.083 | V34: 67418.335 | W34: 68950.083
A35: 43888 | B35: 2 | C35: 0.25 | D35: 17621.531 | E35: =D35-$D$32 -> 17375.53 | F35: Adjusted R Square | G35: 0.99995017 | H35: Total | I35: 4 | J35: 2.8035039e+09
A36: 43888 | B36: 2 | C36: 0.5 | D36: 34357.971 | E36: =D36-$D$32 -> 34111.969 | F36: Standard Error | G36: 186.87657
A37: 43888 | B37: 2 | C37: 1 | D37: 68437.519 | E37: =D37-$D$32 -> 68191.518 | F37: Observations | G37: 5

Sheet uranium_U
A1: Date | B1: No_cal | C1: Std_conc (ppb) | D1: U (cps) | E1: U (BLK corrected) | F1: SUMMARY OUTPUT | H1: ANOVA
A2: 43838 | B2: 1 | C2: 0 | D2: 1 | E2: =D2-$D$2 -> 0 | F2: Regression Statistics | I2: df | J2: SS | K2: MS | L2: F | M2: Significance F | O2: Coefficients | P2: SE | Q2: SD | R2: t Stat | S2: P-value | T2: Lower 95% | U2: Upper 95% | V2: Lower 95.0% | W2: Upper 95.0% | X2: LOD (µg/L) | Y2: LOQ (µg/L)
A3: 43838 | B3: 1 | C3: 0.01 | D3: 754.51994 | E3: =D3-$D$2 -> 753.51994 | F3: Multiple R | G3: 0.99998374 | H3: Regression | I3: 1 | J3: 1.547279e+08 | K3: 1.547279e+08 | L3: 92252.123 | M3: 7.870263e-08 | N3: Intercept | O3: -75.085587 | P3: 27.149411 | Q3: =P3*SQRT(G7) -> 60.707928 | R3: -2.7656433 | S3: 0.0698221 | T3: -161.48713 | U3: 11.315955 | V3: -161.48713 | W3: 11.315955 | X3: =3.3*Q3/O4 -> 0.0025012879 | Y3: =10*Q3/O4 -> 0.0075796604
A4: 43838 | B4: 1 | C4: 0.02 | D4: 1547.5839 | E4: =D4-$D$2 -> 1546.5839 | F4: R Square | G4: 0.99996748 | H4: Residual | I4: 3 | J4: 5031.6858 | K4: 1677.2286 | N4: X Variable 1 | O4: 80093.203 | P4: 263.69839 | R4: 303.73035 | S4: 7.870263e-08 | T4: 79253.997 | U4: 80932.409 | V4: 79253.997 | W4: 80932.409
A5: 43838 | B5: 1 | C5: 0.05 | D5: 3869.2741 | E5: =D5-$D$2 -> 3868.2741 | F5: Adjusted R Square | G5: 0.99995664 | H5: Total | I5: 4 | J5: 1.5473293e+08
A6: 43838 | B6: 1 | C6: 0.1 | D6: 7938.956 | E6: =D6-$D$2 -> 7937.956 | F6: Standard Error | G6: 40.953982
A7: 43838 | B7: 1 | C7: 0.2 | D7: 15954.655 | E7: =D7-$D$2 -> 15953.655 | F7: Observations | G7: 5
A8: 43838 | B8: 2 | C8: 0 | D8: 2.0000002 | E8: =D8-$D$8 -> 0 | F8: Regression Statistics | I8: df | J8: SS | K8: MS | L8: F | M8: Significance F | O8: Coefficients | P8: SE | Q8: SD | R8: t Stat | S8: P-value | T8: Lower 95% | U8: Upper 95% | V8: Lower 95.0% | W8: Upper 95.0%
A9: 43838 | B9: 2 | C9: 0.01 | D9: 696.76699 | E9: =D9-$D$8 -> 694.76699 | F9: Multiple R | G9: 0.99997228 | H9: Regression | I9: 1 | J9: 1.2130128e+08 | K9: 1.2130128e+08 | L9: 54101.35 | M9: 1.7523857e-07 | N9: Intercept | O9: -12.552294 | P9: 31.390116 | Q9: =P9*SQRT(G13) -> 70.190433 | R9: -0.39988048 | S9: 0.71601435 | T9: -112.44965 | U9: 87.345063 | V9: -112.44965 | W9: 87.345063 | X9: =3.3*Q9/O10 -> 0.003266238 | Y9: =10*Q9/O10 -> 0.0098976908
A10: 43838 | B10: 2 | C10: 0.02 | D10: 1421.3208 | E10: =D10-$D$8 -> 1419.3208 | F10: R Square | G10: 0.99994455 | H10: Residual | I10: 3 | J10: 6726.3355 | K10: 2242.1118 | N10: X Variable 1 | O10: 70915.968 | P10: 304.88776 | R10: 232.59697 | S10: 1.7523857e-07 | T10: 69945.679 | U10: 71886.257 | V10: 69945.679 | W10: 71886.257
A11: 43838 | B11: 2 | C11: 0.05 | D11: 3567.6955 | E11: =D11-$D$8 -> 3565.6955 | F11: Adjusted R Square | G11: 0.99992607 | H11: Total | I11: 4 | J11: 1.21308e+08
A12: 43838 | B12: 2 | C12: 0.1 | D12: 7011.4705 | E12: =D12-$D$8 -> 7009.4705 | F12: Standard Error | G12: 47.350943
A13: 43838 | B13: 2 | C13: 0.2 | D13: 14198.053 | E13: =D13-$D$8 -> 14196.053 | F13: Observations | G13: 5
A14: 43838 | B14: 3 | C14: 0 | D14: 6.2500014 | E14: =D14-$D$14 -> 0 | F14: Regression Statistics | I14: df | J14: SS | K14: MS | L14: F | M14: Significance F | O14: Coefficients | P14: SE | Q14: SD | R14: t Stat | S14: P-value | T14: Lower 95% | U14: Upper 95% | V14: Lower 95.0% | W14: Upper 95.0%
A15: 43838 | B15: 3 | C15: 0.01 | D15: 657.01511 | E15: =D15-$D$14 -> 650.76511 | F15: Multiple R | G15: 0.99998203 | H15: Regression | I15: 1 | J15: 1.0749678e+08 | K15: 1.0749678e+08 | L15: 83492.905 | M15: 9.1406623e-08 | N15: Intercept | O15: 6.682295 | P15: 23.786866 | Q15: =P15*SQRT(G19) -> 53.189049 | R15: 0.28092373 | S15: 0.79702947 | T15: -69.018128 | U15: 82.382718 | V15: -69.018128 | W15: 82.382718 | X15: =3.3*Q15/O16 -> 0.002629221 | Y15: =10*Q15/O16 -> 0.0079673363
A16: 43838 | B16: 3 | C16: 0.02 | D16: 1334.5624 | E16: =D16-$D$14 -> 1328.3124 | F16: R Square | G16: 0.99996407 | H16: Residual | I16: 3 | J16: 3862.488 | K16: 1287.496 | N16: X Variable 1 | O16: 66758.885 | P16: 231.03846 | R16: 288.95139 | S16: 9.1406623e-08 | T16: 66023.618 | U16: 67494.153 | V16: 66023.618 | W16: 67494.153
A17: 43838 | B17: 3 | C17: 0.05 | D17: 3364.8963 | E17: =D17-$D$14 -> 3358.6463 | F17: Adjusted R Square | G17: 0.99995209 | H17: Total | I17: 4 | J17: 1.0750064e+08
A18: 43838 | B18: 3 | C18: 0.1 | D18: 6736.8383 | E18: =D18-$D$14 -> 6730.5883 | F18: Standard Error | G18: 35.881694
A19: 43838 | B19: 3 | C19: 0.2 | D19: 13339.726 | E19: =D19-$D$14 -> 13333.476 | F19: Observations | G19: 5
A20: 43789 | B20: 1 | C20: 0 | D20: 0.5 | E20: =D20-$D$20 -> 0 | F20: Regression Statistics | I20: df | J20: SS | K20: MS | L20: F | M20: Significance F | O20: Coefficients | P20: SE | Q20: SD | R20: t Stat | S20: P-value | T20: Lower 95% | U20: Upper 95% | V20: Lower 95.0% | W20: Upper 95.0%
A21: 43789 | B21: 1 | C21: 0.01 | D21: 824.77381 | E21: =D21-$D$20 -> 824.27381 | F21: Multiple R | G21: 0.99993419 | H21: Regression | I21: 1 | J21: 1.2963319e+08 | K21: 1.2963319e+08 | L21: 22791.822 | M21: 6.4081633e-07 | N21: Intercept | O21: 146.76183 | P21: 49.995723 | Q21: =P21*SQRT(G25) -> 111.79384 | R21: 2.9354877 | S21: 0.060730898 | T21: -12.346873 | U21: 305.87053 | V21: -12.346873 | W21: 305.87053 | X21: =3.3*Q21/O22 -> 0.0050322516 | Y21: =10*Q21/O22 -> 0.015249247
A22: 43789 | B22: 1 | C22: 0.02 | D22: 1583.5878 | E22: =D22-$D$20 -> 1583.0878 | F22: R Square | G22: 0.99986839 | H22: Residual | I22: 3 | J22: 17063.118 | K22: 5687.7061 | N22: X Variable 1 | O22: 73311.051 | P22: 485.60139 | R22: 150.96961 | S22: 6.4081633e-07 | T22: 71765.651 | U22: 74856.452 | V22: 71765.651 | W22: 74856.452
A23: 43789 | B23: 1 | C23: 0.05 | D23: 3858.021 | E23: =D23-$D$20 -> 3857.521 | F23: Adjusted R Square | G23: 0.99982452 | H23: Total | I23: 4 | J23: 1.2965025e+08
A24: 43789 | B24: 1 | C24: 0.1 | D24: 7570.0054 | E24: =D24-$D$20 -> 7569.5054 | F24: Standard Error | G24: 75.416882
A25: 43789 | B25: 1 | C25: 0.2 | D25: 14758.121 | E25: =D25-$D$20 -> 14757.621 | F25: Observations | G25: 5
A26: 43888 | B26: 1 | C26: 0 | D26: 0.25000001 | E26: =D26-$D$26 -> 0 | F26: Regression Statistics | I26: df | J26: SS | K26: MS | L26: F | M26: Significance F | O26: Coefficients | P26: SE | Q26: SD | R26: t Stat | S26: P-value | T26: Lower 95% | U26: Upper 95% | V26: Lower 95.0% | W26: Upper 95.0%
A27: 43888 | B27: 1 | C27: 0.01 | D27: 738.51911 | E27: =D27-$D$26 -> 738.26911 | F27: Multiple R | G27: 0.9999557 | H27: Regression | I27: 1 | J27: 1.3946092e+08 | K27: 1.3946092e+08 | L27: 33859.518 | M27: 3.5391863e-07 | N27: Intercept | O27: -63.510935 | P27: 42.54516 | Q27: =P27*SQRT(G31) -> 95.13387 | R27: -1.4927887 | S27: 0.23232197 | T27: -198.90862 | U27: 71.886753 | V27: -198.90862 | W27: 71.886753 | X27: =3.3*Q27/O28 -> 0.0041286825 | Y27: =10*Q27/O28 -> 0.012511159
A28: 43888 | B28: 1 | C28: 0.02 | D28: 1451.0738 | E28: =D28-$D$26 -> 1450.8238 | F28: R Square | G28: 0.99991141 | H28: Residual | I28: 3 | J28: 12356.43 | K28: 4118.81 | N28: X Variable 1 | O28: 76039.213 | P28: 413.23513 | R28: 184.00956 | S28: 3.5391863e-07 | T28: 74724.114 | U28: 77354.312 | V28: 74724.114 | W28: 77354.312
A29: 43888 | B29: 1 | C29: 0.05 | D29: 3755.994 | E29: =D29-$D$26 -> 3755.744 | F29: Adjusted R Square | G29: 0.99988188 | H29: Total | I29: 4 | J29: 1.3947328e+08
A30: 43888 | B30: 1 | C30: 0.1 | D30: 7447.691 | E30: =D30-$D$26 -> 7447.441 | F30: Standard Error | G30: 64.177956
A31: 43888 | B31: 1 | C31: 0.2 | D31: 15185.318 | E31: =D31-$D$26 -> 15185.068 | F31: Observations | G31: 5
A32: 43888 | B32: 2 | C32: 0 | D32: 0.25000001 | E32: =D32-$D$32 -> 0 | F32: Regression Statistics | I32: df | J32: SS | K32: MS | L32: F | M32: Significance F | O32: Coefficients | P32: SE | Q32: SD | R32: t Stat | S32: P-value | T32: Lower 95% | U32: Upper 95% | V32: Lower 95.0% | W32: Upper 95.0%
A33: 43888 | B33: 2 | C33: 0.01 | D33: 637.76424 | E33: =D33-$D$32 -> 637.51424 | F33: Multiple R | G33: 0.99997151 | H33: Regression | I33: 1 | J33: 95431674 | K33: 95431674 | L33: 52643.092 | M33: 1.8256981e-07 | N33: Intercept | O33: 13.94568 | P33: 28.225384 | Q33: =P33*SQRT(G37) -> 63.113877 | R33: 0.49408293 | S33: 0.65516093 | T33: -75.880088 | U33: 103.77145 | V33: -75.880088 | W33: 103.77145 | X33: =3.3*Q33/O34 -> 0.0033111677 | Y33: =10*Q33/O34 -> 0.010033842
A34: 43888 | B34: 2 | C34: 0.02 | D34: 1247.0544 | E34: =D34-$D$32 -> 1246.8044 | F34: R Square | G34: 0.99994302 | H34: Residual | I34: 3 | J34: 5438.4157 | K34: 1812.8052 | N34: X Variable 1 | O34: 62901.01 | P34: 274.14916 | R34: 229.44083 | S34: 1.8256981e-07 | T34: 62028.545 | U34: 63773.475 | V34: 62028.545 | W34: 63773.475
A35: 43888 | B35: 2 | C35: 0.05 | D35: 3219.1128 | E35: =D35-$D$32 -> 3218.8628 | F35: Adjusted R Square | G35: 0.99992402 | H35: Total | I35: 4 | J35: 95437112
A36: 43888 | B36: 2 | C36: 0.1 | D36: 6270.1263 | E36: =D36-$D$32 -> 6269.8763 | F36: Standard Error | G36: 42.577051
A37: 43888 | B37: 2 | C37: 0.2 | D37: 12599.304 | E37: =D37-$D$32 -> 12599.054 | F37: Observations | G37: 5

Sheet manganese_Mn
A1: Date | B1: No_cal | C1: Std_conc (ppb) | D1: Mn (cps) | E1: Mn (BLK corrected) | F1: SUMMARY OUTPUT | H1: ANOVA
A2: 43838 | B2: 1 | C2: 0 | D2: 150.5008 | E2: =D2-$D$2 -> 0 | F2: Regression Statistics | I2: df | J2: SS | K2: MS | L2: F | M2: Significance F | O2: Coefficients | P2: SE | Q2: SD | R2: t Stat | S2: P-value | T2: Lower 95% | U2: Upper 95% | V2: Lower 95.0% | W2: Upper 95.0% | X2: LOD (µg/L) | Y2: LOQ (µg/L)
A3: 43838 | B3: 1 | C3: 0.01 | D3: 1484.0771 | E3: =D3-$D$2 -> 1333.5763 | F3: Multiple R | G3: 0.99975439 | H3: Regression | I3: 1 | J3: 3.2099448e+08 | K3: 3.2099448e+08 | L3: 6104.9988 | M3: 4.6204719e-06 | N3: Intercept | O3: -74.626936 | P3: 152.00934 | Q3: =P3*SQRT(G7) -> 339.90322 | R3: -0.49093652 | S3: 0.65714076 | T3: -558.3885 | U3: 409.13463 | V3: -558.3885 | W3: 409.13463 | X3: =3.3*Q3/O4 -> 0.0097231969 | Y3: =10*Q3/O4 -> 0.029464233
A4: 43838 | B4: 1 | C4: 0.02 | D4: 2383.6989 | E4: =D4-$D$2 -> 2233.1981 | F4: R Square | G4: 0.99950884 | H4: Residual | I4: 3 | J4: 157736.88 | K4: 52578.959 | N4: X Variable 1 | O4: 115361.3 | P4: 1476.4452 | R4: 78.134492 | S4: 4.6204719e-06 | T4: 110662.59 | U4: 120060.01 | V4: 110662.59 | W4: 120060.01
A5: 43838 | B5: 1 | C5: 0.05 | D5: 5650.3674 | E5: =D5-$D$2 -> 5499.8666 | F5: Adjusted R Square | G5: 0.99934512 | H5: Total | I5: 4 | J5: 3.2115222e+08
A6: 43838 | B6: 1 | C6: 0.1 | D6: 11417.561 | E6: =D6-$D$2 -> 11267.06 | F6: Standard Error | G6: 229.30102
A7: 43838 | B7: 1 | C7: 0.2 | D7: 23280.958 | E7: =D7-$D$2 -> 23130.457 | F7: Observations | G7: 5
A8: 43838 | B8: 2 | C8: 0 | D8: 153.75083 | E8: =D8-$D$8 -> 0 | F8: Regression Statistics | I8: df | J8: SS | K8: MS | L8: F | M8: Significance F | O8: Coefficients | P8: SE | Q8: SD | R8: t Stat | S8: P-value | T8: Lower 95% | U8: Upper 95% | V8: Lower 95.0% | W8: Upper 95.0%
A9: 43838 | B9: 2 | C9: 0.01 | D9: 1292.8086 | E9: =D9-$D$8 -> 1139.0577 | F9: Multiple R | G9: 0.99990614 | H9: Regression | I9: 1 | J9: 2.5821694e+08 | K9: 2.5821694e+08 | L9: 15978.21 | M9: 1.0916432e-06 | N9: Intercept | O9: -63.255957 | P9: 84.273801 | Q9: =P9*SQRT(G13) -> 188.44195 | R9: -0.75060049 | S9: 0.50740162 | T9: -331.4528 | U9: 204.94089 | V9: -331.4528 | W9: 204.94089 | X9: =3.3*Q9/O10 -> 0.0060101846 | Y9: =10*Q9/O10 -> 0.018212681
A10: 43838 | B10: 2 | C10: 0.02 | D10: 2093.6535 | E10: =D10-$D$8 -> 1939.9027 | F10: R Square | G10: 0.99981228 | H10: Residual | I10: 3 | J10: 48481.702 | K10: 16160.567 | N10: X Variable 1 | O10: 103467.44 | P10: 818.53952 | R10: 126.40495 | S10: 1.0916432e-06 | T10: 100862.49 | U10: 106072.4 | V10: 100862.49 | W10: 106072.4
A11: 43838 | B11: 2 | C11: 0.05 | D11: 5183.4404 | E11: =D11-$D$8 -> 5029.6895 | F11: Adjusted R Square | G11: 0.99974971 | H11: Total | I11: 4 | J11: 2.5826543e+08
A12: 43838 | B12: 2 | C12: 0.1 | D12: 10358.507 | E12: =D12-$D$8 -> 10204.756 | F12: Standard Error | G12: 127.12422
A13: 43838 | B13: 2 | C13: 0.2 | D13: 20841.693 | E13: =D13-$D$8 -> 20687.942 | F13: Observations | G13: 5
A14: 43838 | B14: 3 | C14: 0 | D14: 144.00073 | E14: =D14-$D$14 -> 0 | F14: Regression Statistics | I14: df | J14: SS | K14: MS | L14: F | M14: Significance F | O14: Coefficients | P14: SE | Q14: SD | R14: t Stat | S14: P-value | T14: Lower 95% | U14: Upper 95% | V14: Lower 95.0% | W14: Upper 95.0%
A15: 43838 | B15: 3 | C15: 0.01 | D15: 837.52455 | E15: =D15-$D$14 -> 693.52382 | F15: Multiple R | G15: 0.99977888 | H15: Regression | I15: 1 | J15: 93864986 | K15: 93864986 | L15: 6781.3959 | M15: 3.9469497e-06 | N15: Intercept | O15: -38.542571 | P15: 77.993164 | Q15: =P15*SQRT(G19) -> 174.39802 | R15: -0.49417883 | S15: 0.65510064 | T15: -286.75163 | U15: 209.66649 | V15: -286.75163 | W15: 209.66649 | X15: =3.3*Q15/O16 -> 0.0092255512 | Y15: =10*Q15/O16 -> 0.027956216
A16: 43838 | B16: 3 | C16: 0.02 | D16: 1323.0614 | E16: =D16-$D$14 -> 1179.0607 | F16: R Square | G16: 0.99955781 | H16: Residual | I16: 3 | J16: 41524.63 | K16: 13841.543 | N16: X Variable 1 | O16: 62382.555 | P16: 757.53658 | R16: 82.349231 | S16: 3.9469497e-06 | T16: 59971.736 | U16: 64793.375 | V16: 59971.736 | W16: 64793.375
A17: 43838 | B17: 3 | C17: 0.05 | D17: 3225.6154 | E17: =D17-$D$14 -> 3081.6146 | F17: Adjusted R Square | G17: 0.99941041 | H17: Total | I17: 4 | J17: 93906511
A18: 43838 | B18: 3 | C18: 0.1 | D18: 6190.598 | E18: =D18-$D$14 -> 6046.5973 | F18: Standard Error | G18: 117.65009
A19: 43838 | B19: 3 | C19: 0.2 | D19: 12655.862 | E19: =D19-$D$14 -> 12511.862 | F19: Observations | G19: 5
A20: 43789 | B20: 1 | C20: 0 | D20: 542.51031 | E20: =D20-$D$20 -> 0 | F20: Regression Statistics | I20: df | J20: SS | K20: MS | L20: F | M20: Significance F | O20: Coefficients | P20: SE | Q20: SD | R20: t Stat | S20: P-value | T20: Lower 95% | U20: Upper 95% | V20: Lower 95.0% | W20: Upper 95.0%
A21: 43789 | B21: 1 | C21: 0.01 | D21: 772.02087 | E21: =D21-$D$20 -> 229.51056 | F21: Multiple R | G21: 0.9991833 | H21: Regression | I21: 1 | J21: 1.2968139e+08 | K21: 1.2968139e+08 | L21: 1834.4062 | M21: 2.8014047e-05 | N21: Intercept | O21: -644.27947 | P21: 176.26065 | Q21: =P21*SQRT(G25) -> 394.13079 | R21: -3.6552655 | S21: 0.035361872 | T21: -1205.2195 | U21: -83.339424 | V21: -1205.2195 | W21: -83.339424 | X21: =3.3*Q21/O22 -> 0.017737978 | Y21: =10*Q21/O22 -> 0.05375145
A22: 43789 | B22: 1 | C22: 0.02 | D22: 1397.3184 | E22: =D22-$D$20 -> 854.80806 | F22: R Square | G22: 0.99836726 | H22: Residual | I22: 3 | J22: 212081.8 | K22: 70693.934 | N22: X Variable 1 | O22: 73324.68 | P22: 1711.9947 | R22: 42.829968 | S22: 2.8014047e-05 | T22: 67876.349 | U22: 78773.012 | V22: 67876.349 | W22: 78773.012
A23: 43789 | B23: 1 | C23: 0.05 | D23: 3612.2067 | E23: =D23-$D$20 -> 3069.6964 | F23: Adjusted R Square | G23: 0.99782302 | H23: Total | I23: 4 | J23: 1.2989347e+08
A24: 43789 | B24: 1 | C24: 0.1 | D24: 6833.3848 | E24: =D24-$D$20 -> 6290.8745 | F24: Standard Error | G24: 265.88331
A25: 43789 | B25: 1 | C25: 0.2 | D25: 14739.602 | E25: =D25-$D$20 -> 14197.092 | F25: Observations | G25: 5
A26: 43888 | B26: 1 | C26: 0 | D26: 209.50154 | E26: =D26-$D$26 -> 0 | F26: Regression Statistics | I26: df | J26: SS | K26: MS | L26: F | M26: Significance F | O26: Coefficients | P26: SE | Q26: SD | R26: t Stat | S26: P-value | T26: Lower 95% | U26: Upper 95% | V26: Lower 95.0% | W26: Upper 95.0%
A27: 43888 | B27: 1 | C27: 0.01 | D27: 831.52422 | E27: =D27-$D$26 -> 622.02269 | F27: Multiple R | G27: 0.99984119 | H27: Regression | I27: 1 | J27: 1.4817175e+08 | K27: 1.4817175e+08 | L27: 9443.1327 | M27: 2.4023211e-06 | N27: Intercept | O27: -226.30609 | P27: 83.040305 | Q27: =P27*SQRT(G31) -> 185.68377 | R27: -2.725256 | S27: 0.072228674 | T27: -490.5774 | U27: 37.965222 | V27: -490.5774 | W27: 37.965222 | X27: =3.3*Q27/O28 -> 0.0078179669 | Y27: =10*Q27/O28 -> 0.023690809
A28: 43888 | B28: 1 | C28: 0.02 | D28: 1579.5874 | E28: =D28-$D$26 -> 1370.0859 | F28: R Square | G28: 0.99968241 | H28: Residual | I28: 3 | J28: 47072.858 | K28: 15690.953 | N28: X Variable 1 | O28: 78377.977 | P28: 806.55874 | R28: 97.175783 | S28: 2.4023211e-06 | T28: 75811.147 | U28: 80944.807 | V28: 75811.147 | W28: 80944.807
A29: 43888 | B29: 1 | C29: 0.05 | D29: 3910.0353 | E29: =D29-$D$26 -> 3700.5337 | F29: Adjusted R Square | G29: 0.99957655 | H29: Total | I29: 4 | J29: 1.4821882e+08
A30: 43888 | B30: 1 | C30: 0.1 | D30: 7634.5402 | E30: =D30-$D$26 -> 7425.0386 | F30: Standard Error | G30: 125.26353
A31: 43888 | B31: 1 | C31: 0.2 | D31: 15743.921 | E31: =D31-$D$26 -> 15534.42 | F31: Observations | G31: 5
A32: 43888 | B32: 2 | C32: 0 | D32: 403.00569 | E32: =D32-$D$32 -> 0 | F32: Regression Statistics | I32: df | J32: SS | K32: MS | L32: F | M32: Significance F | O32: Coefficients | P32: Standard Error | Q32: SD | R32: t Stat | S32: P-value | T32: Lower 95% | U32: Upper 95% | V32: Lower 95.0% | W32: Upper 95.0%
A33: 43888 | B33: 2 | C33: 0.01 | D33: 808.77295 | E33: =D33-$D$32 -> 405.76726 | F33: Multiple R | G33: 0.99995941 | H33: Regression | I33: 1 | J33: 1.5093139e+08 | K33: 1.5093139e+08 | L33: 36948.122 | M33: 3.1048446e-07 | N33: Intercept | O33: -460.19979 | P33: 42.369943 | Q33: =P33*SQRT(G37) -> 94.742073 | R33: -10.861468 | S33: 0.0016699697 | T33: -595.03985 | U33: -325.35972 | V33: -595.03985 | W33: -325.35972 | X33: =3.3*Q33/O34 -> 0.0039523527 | Y33: =10*Q33/O34 -> 0.011976826
A34: 43888 | B34: 2 | C34: 0.02 | D34: 1480.3268 | E34: =D34-$D$32 -> 1077.3211 | F34: R Square | G34: 0.99991881 | H34: Residual | I34: 3 | J34: 12254.863 | K34: 4084.9543 | N34: X Variable 1 | O34: 79104.49 | P34: 411.53327 | R34: 192.21894 | S34: 3.1048446e-07 | T34: 77794.808 | U34: 80414.173 | V34: 77794.808 | W34: 80414.173
A35: 43888 | B35: 2 | C35: 0.05 | D35: 3897.0318 | E35: =D35-$D$32 -> 3494.0261 | F35: Adjusted R Square | G35: 0.99989175 | H35: Total | I35: 4 | J35: 1.5094365e+08
A36: 43888 | B36: 2 | C36: 0.1 | D36: 7792.6249 | E36: =D36-$D$32 -> 7389.6192 | F36: Standard Error | G36: 63.913647
A37: 43888 | B37: 2 | C37: 0.2 | D37: 15794.979 | E37: =D37-$D$32 -> 15391.974 | F37: Observations | G37: 5

Sheet selenium_Se
A1: Date | B1: No_cal | C1: Std_conc (ppb) | D1: Se (cps) | E1: Se (BLK corrected) | F1: SUMMARY OUTPUT | H1: ANOVA
A2: 43838 | B2: 1 | C2: 0 | D2: 183.25118 | E2: =D2-$D$2 -> 0 | F2: Regression Statistics | I2: df | J2: SS | K2: MS | L2: F | M2: Significance F | O2: Coefficients | P2: SE | Q2: SD | R2: t Stat | S2: P-value | T2: Lower 95% | U2: Upper 95% | V2: Lower 95.0% | W2: Upper 95.0% | X2: LOD (µg/L) | Y2: LOQ (µg/L)
A3: 43838 | B3: 1 | C3: 0.25 | D3: 839.27468 | E3: =D3-$D$2 -> 656.02349 | F3: Multiple R | G3: 0.99997864 | H3: Regression | I3: 1 | J3: 1.1089804e+08 | K3: 1.1089804e+08 | L3: 70227.359 | M3: 1.1849199e-07 | N3: Intercept | O3: -59.96782 | P3: 26.343474 | Q3: =P3*SQRT(G7) -> 58.905798 | R3: -2.2763824 | S3: 0.10729207 | T3: -143.80451 | U3: 23.868871 | V3: -143.80451 | W3: 23.868871 | X3: =3.3*Q3/O4 -> 0.071670216 | Y3: =10*Q3/O4 -> 0.21718247
A4: 43838 | B4: 1 | C4: 0.5 | D4: 1488.8276 | E4: =D4-$D$2 -> 1305.5764 | F4: R Square | G4: 0.99995728 | H4: Residual | I4: 3 | J4: 4737.3861 | K4: 1579.1287 | N4: X Variable 1 | O4: 2712.2722 | P4: 10.234817 | R4: 265.00445 | S4: 1.1849199e-07 | T4: 2679.7004 | U4: 2744.8439 | V4: 2679.7004 | W4: 2744.8439
A5: 43838 | B5: 1 | C5: 1.25 | D5: 3479.6739 | E5: =D5-$D$2 -> 3296.4227 | F5: Adjusted R Square | G5: 0.99994304 | H5: Total | I5: 4 | J5: 1.1090278e+08
A6: 43838 | B6: 1 | C6: 2.5 | D6: 6865.8996 | E6: =D6-$D$2 -> 6682.6484 | F6: Standard Error | G6: 39.738252
A7: 43838 | B7: 1 | C7: 5 | D7: 13709.327 | E7: =D7-$D$2 -> 13526.076 | F7: Observations | G7: 5
A8: 43838 | B8: 2 | C8: 0 | D8: 180.50114 | E8: =D8-$D$8 -> 0 | F8: Regression Statistics | I8: df | J8: SS | K8: MS | L8: F | M8: Significance F | O8: Coefficients | P8: SE | Q8: SD | R8: t Stat | S8: P-value | T8: Lower 95% | U8: Upper 95% | V8: Lower 95.0% | W8: Upper 95.0%
A9: 43838 | B9: 2 | C9: 0.25 | D9: 758.27013 | E9: =D9-$D$8 -> 577.76899 | F9: Multiple R | G9: 0.99988641 | H9: Regression | I9: 1 | J9: 80751915 | K9: 80751915 | L9: 13202.806 | M9: 1.4532923e-06 | N9: Intercept | O9: -44.520707 | P9: 51.845083 | Q9: =P9*SQRT(G13) -> 115.92913 | R9: -0.85872574 | S9: 0.4536307 | T9: -209.5149 | U9: 120.47349 | V9: -209.5149 | W9: 120.47349 | X9: =3.3*Q9/O10 -> 0.16529464 | Y9: =10*Q9/O10 -> 0.50089284
A10: 43838 | B10: 2 | C10: 0.5 | D10: 1284.8078 | E10: =D10-$D$8 -> 1104.3066 | F10: R Square | G10: 0.99977283 | H10: Residual | I10: 3 | J10: 18348.807 | K10: 6116.2691 | N10: X Variable 1 | O10: 2314.4497 | P10: 20.142558 | R10: 114.90346 | S10: 1.4532923e-06 | T10: 2250.3471 | U10: 2378.5524 | V10: 2250.3471 | W10: 2378.5524
A11: 43838 | B11: 2 | C11: 1.25 | D11: 3060.0779 | E11: =D11-$D$8 -> 2879.5768 | F11: Adjusted R Square | G11: 0.9996971 | H11: Total | I11: 4 | J11: 80770264
A12: 43838 | B12: 2 | C12: 2.5 | D12: 5807.6806 | E12: =D12-$D$8 -> 5627.1794 | F12: Standard Error | G12: 78.20658
A13: 43838 | B13: 2 | C13: 5 | D13: 11756.338 | E13: =D13-$D$8 -> 11575.837 | F13: Observations | G13: 5
A14: 43838 | B14: 3 | C14: 0 | D14: 190.50128 | E14: =D14-$D$14 -> 0 | F14: Regression Statistics | I14: df | J14: SS | K14: MS | L14: F | M14: Significance F | O14: Coefficients | P14: SE | Q14: SD | R14: t Stat | S14: P-value | T14: Lower 95% | U14: Upper 95% | V14: Lower 95.0% | W14: Upper 95.0%
A15: 43838 | B15: 3 | C15: 0.25 | D15: 691.01674 | E15: =D15-$D$14 -> 500.51547 | F15: Multiple R | G15: 0.99997266 | H15: Regression | I15: 1 | J15: 66071888 | K15: 66071888 | L15: 54861.649 | M15: 1.7160857e-07 | N15: Intercept | O15: -34.652416 | P15: 23.005846 | Q15: =P15*SQRT(G19) -> 51.442636 | R15: -1.5062439 | S15: 0.22909045 | T15: -107.86729 | U15: 38.562454 | V15: -107.86729 | W15: 38.562454 | X15: =3.3*Q15/O16 -> 0.081088162 | Y15: =10*Q15/O16 -> 0.2457217
A16: 43838 | B16: 3 | C16: 0.5 | D16: 1157.5469 | E16: =D16-$D$14 -> 967.04565 | F16: R Square | G16: 0.99994532 | H16: Residual | I16: 3 | J16: 3613.0096 | K16: 1204.3365 | N16: X Variable 1 | O16: 2093.5325 | P16: 8.9381013 | R16: 234.22564 | S16: 1.7160857e-07 | T16: 2065.0874 | U16: 2121.9775 | V16: 2065.0874 | W16: 2121.9775
A17: 43838 | B17: 3 | C17: 1.25 | D17: 2810.0264 | E17: =D17-$D$14 -> 2619.5252 | F17: Adjusted R Square | G17: 0.99992709 | H17: Total | I17: 4 | J17: 66075501
A18: 43838 | B18: 3 | C18: 2.5 | D18: 5392.5186 | E18: =D18-$D$14 -> 5202.0174 | F18: Standard Error | G18: 34.703552
A19: 43838 | B19: 3 | C19: 5 | D19: 10616.694 | E19: =D19-$D$14 -> 10426.193 | F19: Observations | G19: 5
A20: 43789 | B20: 1 | C20: 0 | D20: 68.750166 | E20: =D20-$D$20 -> 0 | F20: Regression Statistics | I20: df | J20: SS | K20: MS | L20: F | M20: Significance F | O20: Coefficients | P20: SE | Q20: SD | R20: t Stat | S20: P-value | T20: Lower 95% | U20: Upper 95% | V20: Lower 95.0% | W20: Upper 95.0%
A21: 43789 | B21: 1 | C21: 0.25 | D21: 467.00769 | E21: =D21-$D$20 -> 398.25753 | F21: Multiple R | G21: 0.99996636 | H21: Regression | I21: 1 | J21: 34192761 | K21: 34192761 | L21: 44590.951 | M21: 2.3418851e-07 | N21: Intercept | O21: 24.156267 | P21: 18.357266 | Q21: =P21*SQRT(G25) -> 41.048094 | R21: 1.3158968 | S21: 0.27972804 | T21: -34.264746 | U21: 82.57728 | V21: -34.264746 | W21: 82.57728 | X21: =3.3*Q21/O22 -> 0.089943238 | Y21: =10*Q21/O22 -> 0.27255527
A22: 43789 | B22: 1 | C22: 0.5 | D22: 824.02379 | E22: =D22-$D$20 -> 755.27362 | F22: R Square | G22: 0.99993273 | H22: Residual | I22: 3 | J22: 2300.4282 | K22: 766.80941 | N22: X Variable 1 | O22: 1506.0466 | P22: 7.1320611 | R22: 211.1657 | S22: 2.3418851e-07 | T22: 1483.3492 | U22: 1528.744 | V22: 1483.3492 | W22: 1528.744
A23: 43789 | B23: 1 | C23: 1.25 | D23: 2015.1422 | E23: =D23-$D$20 -> 1946.392 | F23: Adjusted R Square | G23: 0.9999103 | H23: Total | I23: 4 | J23: 34195061
A24: 43789 | B24: 1 | C24: 2.5 | D24: 3842.5174 | E24: =D24-$D$20 -> 3773.7672 | F24: Standard Error | G24: 27.691324
A25: 43789 | B25: 1 | C25: 5 | D25: 7623.2842 | E25: =D25-$D$20 -> 7554.5341 | F25: Observations | G25: 5
A26: 43888 | B26: 1 | C26: 0 | D26: 283.75282 | E26: =D26-$D$26 -> 0 | F26: Regression Statistics | I26: df | J26: SS | K26: MS | L26: F | M26: Significance F | O26: Coefficients | P26: SE | Q26: SD | R26: t Stat | S26: P-value | T26: Lower 95% | U26: Upper 95% | V26: Lower 95.0% | W26: Upper 95.0%
A27: 43888 | B27: 1 | C27: 0.25 | D27: 889.52772 | E27: =D27-$D$26 -> 605.7749 | F27: Multiple R | G27: 0.9998096 | H27: Regression | I27: 1 | J27: 1.1436334e+08 | K27: 1.1436334e+08 | L27: 7875.752 | M27: 3.1538005e-06 | N27: Intercept | O27: -103.3891 | P27: 79.884346 | Q27: =P27*SQRT(G31) -> 178.62683 | R27: -1.2942348 | S27: 0.28620712 | T27: -357.61674 | U27: 150.83854 | V27: -357.61674 | W27: 150.83854 | X27: =3.3*Q27/O28 -> 0.21401582 | Y27: =10*Q27/O28 -> 0.64853277
A28: 43888 | B28: 1 | C28: 0.5 | D28: 1583.3378 | E28: =D28-$D$26 -> 1299.5849 | F28: R Square | G28: 0.99961923 | H28: Residual | I28: 3 | J28: 43562.828 | K28: 14520.943 | N28: X Variable 1 | O28: 2754.3223 | P28: 31.036214 | R28: 88.745434 | S28: 3.1538005e-06 | T28: 2655.5512 | U28: 2853.0934 | V28: 2655.5512 | W28: 2853.0934
A29: 43888 | B29: 1 | C29: 1.25 | D29: 3687.7262 | E29: =D29-$D$26 -> 3403.9734 | F29: Adjusted R Square | G29: 0.99949231 | H29: Total | I29: 4 | J29: 1.1440691e+08
A30: 43888 | B30: 1 | C30: 2.5 | D30: 6883.9084 | E30: =D30-$D$26 -> 6600.1556 | F30: Standard Error | G30: 120.50287
A31: 43888 | B31: 1 | C31: 5 | D31: 14023.38 | E31: =D31-$D$26 -> 13739.628 | F31: Observations | G31: 5
A32: 43888 | B32: 2 | C32: 0 | D32: 300.00317 | E32: =D32-$D$32 -> 0 | F32: Regression Statistics | I32: df | J32: SS | K32: MS | L32: F | M32: Significance F | O32: Coefficients | P32: SE | Q32: SD | R32: t Stat | S32: P-value | T32: Lower 95% | U32: Upper 95% | V32: Lower 95.0% | W32: Upper 95.0%
A33: 43888 | B33: 2 | C33: 0.25 | D33: 881.77724 | E33: =D33-$D$32 -> 581.77407 | F33: Multiple R | G33: 0.99994924 | H33: Regression | I33: 1 | J33: 85225481 | K33: 85225481 | L33: 29547.407 | M33: 4.3414898e-07 | N33: Intercept | O33: 11.139568 | P33: 35.603224 | Q33: =P33*SQRT(G37) -> 79.611229 | R33: 0.31288087 | S33: 0.77486063 | T33: -102.16578 | U33: 124.44492 | V33: -102.16578 | W33: 124.44492 | X33: =3.3*Q33/O34 -> 0.11049235 | Y33: =10*Q33/O34 -> 0.33482529
A34: 43888 | B34: 2 | C34: 0.5 | D34: 1454.5741 | E34: =D34-$D$32 -> 1154.5709 | F34: R Square | G34: 0.99989848 | H34: Residual | I34: 3 | J34: 8653.0925 | K34: 2884.3642 | N34: X Variable 1 | O34: 2377.6946 | P34: 13.832363 | R34: 171.89359 | S34: 4.3414898e-07 | T34: 2333.6738 | U34: 2421.7153 | V34: 2333.6738 | W34: 2421.7153
A35: 43888 | B35: 2 | C35: 1.25 | D35: 3355.3941 | E35: =D35-$D$32 -> 3055.3909 | F35: Adjusted R Square | G35: 0.99986464 | H35: Total | I35: 4 | J35: 85234134
A36: 43888 | B36: 2 | C36: 2.5 | D36: 6274.1277 | E36: =D36-$D$32 -> 5974.1246 | F36: Standard Error | G36: 53.706277
A37: 43888 | B37: 2 | C37: 5 | D37: 12177.939 | E37: =D37-$D$32 -> 11877.936 | F37: Observations | G37: 5

Sheet arsenic_As 
A1: Date | B1: No_cal | C1: Std_conc (ppb) | D1: AsO (cps) | E1: AsO (BLK corrected) | F1: SUMMARY OUTPUT | H1: ANOVA
A2: 43838 | B2: 1 | C2: 0 | D2: 13.750007 | E2: =D2-$D$2 -> 0 | F2: Regression Statistics | I2: df | J2: SS | K2: MS | L2: F | M2: Significance F | O2: Coefficients | P2: SE | Q2: SD | R2: t Stat | S2: P-value | T2: Lower 95% | U2: Upper 95% | V2: Lower 95.0% | W2: Upper 95.0% | X2: LOD (µg/L) | Y2: LOQ (µg/L)
A3: 43838 | B3: 1 | C3: 0.25 | D3: 1647.5951 | E3: =D3-$D$2 -> 1633.845 | F3: Multiple R | G3: 0.99995755 | H3: Regression | I3: 1 | J3: 7.1516732e+08 | K3: 7.1516732e+08 | L3: 35330.488 | M3: 3.3204889e-07 | N3: Intercept | O3: -179.91637 | P3: 94.31772 | Q3: =P3*SQRT(G7) -> 210.90083 | R3: -1.9075564 | S3: 0.15249229 | T3: -480.07745 | U3: 120.24471 | V3: -480.07745 | W3: 120.24471 | X3: =3.3*Q3/O4 -> 0.10104552 | Y3: =10*Q3/O4 -> 0.30619855
A4: 43838 | B4: 1 | C4: 0.5 | D4: 3357.3946 | E4: =D4-$D$2 -> 3343.6446 | F4: R Square | G4: 0.99991509 | H4: Residual | I4: 3 | J4: 60726.643 | K4: 20242.214 | N4: X Variable 1 | O4: 6887.715 | P4: 36.643787 | R4: 187.96406 | S4: 3.3204889e-07 | T4: 6771.0982 | U4: 7004.3319 | V4: 6771.0982 | W4: 7004.3319
A5: 43838 | B5: 1 | C5: 1.25 | D5: 8339.434 | E5: =D5-$D$2 -> 8325.684 | F5: Adjusted R Square | G5: 0.99988679 | H5: Total | I5: 4 | J5: 7.1522805e+08
A6: 43838 | B6: 1 | C6: 2.5 | D6: 16891.238 | E6: =D6-$D$2 -> 16877.488 | F6: Standard Error | G6: 142.27514
A7: 43838 | B7: 1 | C7: 5 | D7: 34366.799 | E7: =D7-$D$2 -> 34353.049 | F7: Observations | G7: 5
A8: 43838 | B8: 2 | C8: 0 | D8: 22.750018 | E8: =D8-$D$8 -> 0 | F8: Regression Statistics | I8: df | J8: SS | K8: MS | L8: F | M8: Significance F | O8: Coefficients | P8: SE | Q8: SD | R8: t Stat | S8: P-value | T8: Lower 95% | U8: Upper 95% | V8: Lower 95.0% | W8: Upper 95.0%
A9: 43838 | B9: 2 | C9: 0.25 | D9: 1463.825 | E9: =D9-$D$8 -> 1441.075 | F9: Multiple R | G9: 0.99994386 | H9: Regression | I9: 1 | J9: 5.469942e+08 | K9: 5.469942e+08 | L9: 26718.74 | M9: 5.0488013e-07 | N9: Intercept | O9: -144.50296 | P9: 94.852254 | Q9: =P9*SQRT(G13) -> 212.09609 | R9: -1.5234531 | S9: 0.22502916 | T9: -446.36516 | U9: 157.35925 | V9: -446.36516 | W9: 157.35925 | X9: =3.3*Q9/O10 -> 0.11619405 | Y9: =10*Q9/O10 -> 0.35210319
A10: 43838 | B10: 2 | C10: 0.5 | D10: 2908.046 | E10: =D10-$D$8 -> 2885.296 | F10: R Square | G10: 0.99988773 | H10: Residual | I10: 3 | J10: 61416.916 | K10: 20472.305 | N10: X Variable 1 | O10: 6023.6912 | P10: 36.851461 | R10: 163.45868 | S10: 5.0488013e-07 | T10: 5906.4134 | U10: 6140.969 | V10: 5906.4134 | W10: 6140.969
A11: 43838 | B11: 2 | C11: 1.25 | D11: 7427.1803 | E11: =D11-$D$8 -> 7404.4303 | F11: Adjusted R Square | G11: 0.99985031 | H11: Total | I11: 4 | J11: 5.4705561e+08
A12: 43838 | B12: 2 | C12: 2.5 | D12: 14724.835 | E12: =D12-$D$8 -> 14702.085 | F12: Standard Error | G12: 143.08146
A13: 43838 | B13: 2 | C13: 5 | D13: 30092.415 | E13: =D13-$D$8 -> 30069.665 | F13: Observations | G13: 5
A14: 43838 | B14: 3 | C14: 0 | D14: 27.750027 | E14: =D14-$D$14 -> 0 | F14: Regression Statistics | I14: df | J14: SS | K14: MS | L14: F | M14: Significance F | O14: Coefficients | P14: SE | Q14: SD | R14: t Stat | S14: P-value | T14: Lower 95% | U14: Upper 95% | V14: Lower 95.0% | W14: Upper 95.0%
A15: 43838 | B15: 3 | C15: 0.25 | D15: 1375.0662 | E15: =D15-$D$14 -> 1347.3162 | F15: Multiple R | G15: 0.99992398 | H15: Regression | I15: 1 | J15: 4.4581112e+08 | K15: 4.4581112e+08 | L15: 19730.592 | M15: 7.955754e-07 | N15: Intercept | O15: 16.003896 | P15: 99.64825 | Q15: =P15*SQRT(G19) -> 222.82026 | R15: 0.16060388 | S15: 0.88261077 | T15: -301.12131 | U15: 333.1291 | V15: -301.12131 | W15: 333.1291 | X15: =3.3*Q15/O16 -> 0.13521405 | Y15: =10*Q15/O16 -> 0.40973955
A16: 43838 | B16: 3 | C16: 0.5 | D16: 2748.7645 | E16: =D16-$D$14 -> 2721.0145 | F16: R Square | G16: 0.99984797 | H16: Residual | I16: 3 | J16: 67784.757 | K16: 22594.919 | N16: X Variable 1 | O16: 5438.095 | P16: 38.714775 | R16: 140.46562 | S16: 7.955754e-07 | T16: 5314.8873 | U16: 5561.3027 | V16: 5314.8873 | W16: 5561.3027
A17: 43838 | B17: 3 | C17: 1.25 | D17: 7016.2227 | E17: =D17-$D$14 -> 6988.4727 | F17: Adjusted R Square | G17: 0.9997973 | H17: Total | I17: 4 | J17: 4.4587891e+08
A18: 43838 | B18: 3 | C18: 2.5 | D18: 13455.584 | E18: =D18-$D$14 -> 13427.834 | F18: Standard Error | G18: 150.31606
A19: 43838 | B19: 3 | C19: 5 | D19: 27285.034 | E19: =D19-$D$14 -> 27257.284 | F19: Observations | G19: 5
A20: 43789 | B20: 1 | C20: 0 | D20: 8.2500024 | E20: =D20-$D$20 -> 0 | F20: Regression Statistics | I20: df | J20: SS | K20: MS | L20: F | M20: Significance F | O20: Coefficients | P20: SE | Q20: SD | R20: t Stat | S20: P-value | T20: Lower 95% | U20: Upper 95% | V20: Lower 95.0% | W20: Upper 95.0%
A21: 43789 | B21: 1 | C21: 0.25 | D21: 1344.0633 | E21: =D21-$D$20 -> 1335.8133 | F21: Multiple R | G21: 0.99991416 | H21: Regression | I21: 1 | J21: 4.2351303e+08 | K21: 4.2351303e+08 | L21: 17471.881 | M21: 9.547107e-07 | N21: Intercept | O21: -37.028512 | P21: 103.21144 | Q21: =P21*SQRT(G25) -> 230.7878 | R21: -0.35876364 | S21: 0.74353445 | T21: -365.49338 | U21: 291.43636 | V21: -365.49338 | W21: 291.43636 | X21: =3.3*Q21/O22 -> 0.14368852 | Y21: =10*Q21/O22 -> 0.43541974
A22: 43789 | B22: 1 | C22: 0.5 | D22: 2641.7443 | E22: =D22-$D$20 -> 2633.4943 | F22: R Square | G22: 0.99982833 | H22: Residual | I22: 3 | J22: 72719.081 | K22: 24239.694 | N22: X Variable 1 | O22: 5300.3522 | P22: 40.099126 | R22: 132.18124 | S22: 9.547107e-07 | T22: 5172.7389 | U22: 5427.9655 | V22: 5172.7389 | W22: 5427.9655
A23: 43789 | B23: 1 | C23: 1.25 | D23: 6669.0574 | E23: =D23-$D$20 -> 6660.8074 | F23: Adjusted R Square | G23: 0.9997711 | H23: Total | I23: 4 | J23: 4.2358575e+08
A24: 43789 | B24: 1 | C24: 2.5 | D24: 12986.152 | E24: =D24-$D$20 -> 12977.902 | F24: Standard Error | G24: 155.69102
A25: 43789 | B25: 1 | C25: 5 | D25: 26568.436 | E25: =D25-$D$20 -> 26560.186 | F25: Observations | G25: 5
A26: 43888 | B26: 1 | C26: 0 | D26: 11.500005 | E26: =D26-$D$26 -> 0 | F26: Regression Statistics | I26: df | J26: SS | K26: MS | L26: F | M26: Significance F | O26: Coefficients | P26: SE | Q26: SD | R26: t Stat | S26: P-value | T26: Lower 95% | U26: Upper 95% | V26: Lower 95.0% | W26: Upper 95.0%
A27: 43888 | B27: 1 | C27: 0.25 | D27: 2591.2351 | E27: =D27-$D$26 -> 2579.7351 | F27: Multiple R | G27: 0.99989653 | H27: Regression | I27: 1 | J27: 1.7795791e+09 | K27: 1.7795791e+09 | L27: 14495.006 | M27: 1.2633837e-06 | N27: Intercept | O27: -306.05139 | P27: 232.28102 | Q27: =P27*SQRT(G31) -> 519.39615 | R27: -1.3175911 | S27: 0.27922783 | T27: -1045.2733 | U27: 433.17048 | V27: -1045.2733 | W27: 433.17048 | X27: =3.3*Q27/O28 -> 0.15775484 | Y27: =10*Q27/O28 -> 0.47804496
A28: 43888 | B28: 1 | C28: 0.5 | D28: 5132.422 | E28: =D28-$D$26 -> 5120.922 | F28: R Square | G28: 0.99979307 | H28: Residual | I28: 3 | J28: 368315.62 | K28: 122771.87 | N28: X Variable 1 | O28: 10865.006 | P28: 90.244508 | R28: 120.39521 | S28: 1.2633837e-06 | T28: 10577.808 | U28: 11152.205 | V28: 10577.808 | W28: 11152.205
A29: 43888 | B29: 1 | C29: 1.25 | D29: 13426.56 | E29: =D29-$D$26 -> 13415.06 | F29: Adjusted R Square | G29: 0.9997241 | H29: Total | I29: 4 | J29: 1.7799474e+09
A30: 43888 | B30: 1 | C30: 2.5 | D30: 26346.023 | E30: =D30-$D$26 -> 26334.523 | F30: Standard Error | G30: 350.38818
A31: 43888 | B31: 1 | C31: 5 | D31: 54248.565 | E31: =D31-$D$26 -> 54237.065 | F31: Observations | G31: 5
A32: 43888 | B32: 2 | C32: 0 | D32: 12.500006 | E32: =D32-$D$32 -> 0 | F32: Regression Statistics | I32: df | J32: SS | K32: MS | L32: F | M32: Significance F | O32: Coefficients | P32: SE | Q32: SD | R32: t Stat | S32: P-value | T32: Lower 95% | U32: Upper 95% | V32: Lower 95.0% | W32: Upper 95.0%
A33: 43888 | B33: 2 | C33: 0.25 | D33: 2402.202 | E33: =D33-$D$32 -> 2389.702 | F33: Multiple R | G33: 0.99997716 | H33: Regression | I33: 1 | J33: 1.4553746e+09 | K33: 1.4553746e+09 | L33: 65668.366 | M33: 1.3104264e-07 | N33: Intercept | O33: 9.4574814 | P33: 98.690095 | Q33: =P33*SQRT(G37) -> 220.67776 | R33: 0.095830097 | S33: 0.92969816 | T33: -304.61845 | U33: 323.53341 | V33: -304.61845 | W33: 323.53341 | X33: =3.3*Q33/O34 -> 0.074116308 | Y33: =10*Q33/O34 -> 0.22459487
A34: 43888 | B34: 2 | C34: 0.5 | D34: 4843.0709 | E34: =D34-$D$32 -> 4830.5709 | F34: R Square | G34: 0.99995432 | H34: Residual | I34: 3 | J34: 66487.473 | K34: 22162.491 | N34: X Variable 1 | O34: 9825.5921 | P34: 38.342518 | R34: 256.2584 | S34: 1.3104264e-07 | T34: 9703.5691 | U34: 9947.6151 | V34: 9703.5691 | W34: 9947.6151
A35: 43888 | B35: 2 | C35: 1.25 | D35: 12528.992 | E35: =D35-$D$32 -> 12516.492 | F35: Adjusted R Square | G35: 0.99993909 | H35: Total | I35: 4 | J35: 1.4554411e+09
A36: 43888 | B36: 2 | C36: 2.5 | D36: 24558.092 | E36: =D36-$D$32 -> 24545.592 | F36: Standard Error | G36: 148.87072
A37: 43888 | B37: 2 | C37: 5 | D37: 49120.556 | E37: =D37-$D$32 -> 49108.056 | F37: Observations | G37: 5

Sheet cadmium_Cd
A1: Date | B1: No_cal | C1: Std_conc (ppb) | D1: Cd (cps) | E1: Cd (BLK corrected) | F1: SUMMARY OUTPUT | H1: ANOVA
A2: 43838 | B2: 1 | C2: 0 | D2: 28 | E2: =D2-$D$2 -> 0 | F2: Regression Statistics | I2: df | J2: SS | K2: MS | L2: F | M2: Significance F | O2: Coefficients | P2: SE | Q2: SD | R2: t Stat | S2: P-value | T2: Lower 95% | U2: Upper 95% | V2: Lower 95.0% | W2: Upper 95.0% | X2: LOD (µg/L) | Y2: LOQ (µg/L)
A3: 43838 | B3: 1 | C3: 0.01 | D3: 172 | E3: =D3-$D$2 -> 144 | F3: Multiple R | G3: 0.99986398 | H3: Regression | I3: 1 | J3: 4915953.2 | K3: 4915953.2 | L3: 11025.323 | M3: 1.904329e-06 | N3: Intercept | O3: -13.797678 | P3: 13.99821 | Q3: =P3*SQRT(G7) -> 31.300948 | R3: -0.9856745 | S3: 0.39696829 | T3: -58.346229 | U3: 30.750872 | V3: -58.346229 | W3: 30.750872 | X3: =3.3*Q3/O4 -> 0.0072352946 | Y3: =10*Q3/O4 -> 0.021925135
A4: 43838 | B4: 1 | C4: 0.02 | D4: 311 | E4: =D4-$D$2 -> 283 | F4: R Square | G4: 0.99972797 | H4: Residual | I4: 3 | J4: 1337.6352 | K4: 445.87839 | N4: X Variable 1 | O4: 14276.285 | P4: 135.96263 | R4: 105.00154 | S4: 1.904329e-06 | T4: 13843.591 | U4: 14708.979 | V4: 13843.591 | W4: 14708.979
A5: 43838 | B5: 1 | C5: 0.05 | D5: 710 | E5: =D5-$D$2 -> 682 | F5: Adjusted R Square | G5: 0.9996373 | H5: Total | I5: 4 | J5: 4917290.8
A6: 43838 | B6: 1 | C6: 0.1 | D6: 1420 | E6: =D6-$D$2 -> 1392 | F6: Standard Error | G6: 21.115833
A7: 43838 | B7: 1 | C7: 0.2 | D7: 2883 | E7: =D7-$D$2 -> 2855 | F7: Observations | G7: 5
A8: 43838 | B8: 2 | C8: 0 | D8: 24 | E8: =D8-$D$8 -> 0 | F8: Regression Statistics | I8: df | J8: SS | K8: MS | L8: F | M8: Significance F | O8: Coefficients | P8: SE | Q8: SD | R8: t Stat | S8: P-value | T8: Lower 95% | U8: Upper 95% | V8: Lower 95.0% | W8: Upper 95.0%
